"time","id","age","sex","education","job","location","correct_understanding","my_party","parent_party","channel_find_info","control feelings","hospital_resource_shortage","family_medical_resources","family_living_resources"
2020-01-26 11:59:57,"480","18~25",男,大学本科,大学生,湖北省宜昌市,病毒对老年人有严重的威胁，病毒会进化，并且致死性越来越强,已取消所有聚会安排,父母已取消所有聚会安排,微信好友，公众号，微信群，微信朋友圈，微博，电视新闻,中立，不做判断,已有权威机构证实存在短缺,口罩，酒精，体温计,已储备30天以上的物资
2020-01-26 03:48:37,"203","26~30",女,高中/中专/技校,个体经营户,福建省莆田市,病毒会进化，并且致死性越来越强，病毒对老年人有严重的威胁，感染病毒后会立即出现咳嗽、发烧的症状，病毒致死性很强,有中型聚会安排（5～10人）,父母已取消所有聚会安排,微信好友，公众号，微信群，微博，微信朋友圈，抖音，电视新闻,"",没有确凿信息，不断定,口罩，体温计，酒精,未储备
2020-01-26 12:47:10,"495","26~30",女,硕士及以上,媒体工作者,浙江省温州市,病毒对老年人有严重的威胁，75%浓度酒精可以杀死病毒，病毒会进化，并且致死性越来越强,已取消所有聚会安排,父母已取消所有聚会安排,微信群，公众号，微信好友，微信朋友圈，微博,较悲观，短期可能会更严重,没有确凿信息，不断定,口罩，酒精,已储备7～30天的物资
2020-01-26 05:16:23,"216","31~40",女,大学本科,上班族/创业者,湖南省长沙市,没有生病的人，不会传染病毒，病毒对老年人有严重的威胁，75%浓度酒精可以杀死病毒,有中型聚会安排（5～10人）,有聚会安排，父母会参与,公众号，微信群，微信朋友圈，微博，抖音，电视新闻，微信好友,中立，不做判断,没有确凿信息，不断定,口罩,已储备7～30天的物资
2020-01-26 10:29:37,"411","18~25",女,大学本科,大学生,湖北省黄冈市,病毒对老年人有严重的威胁，75%浓度酒精可以杀死病毒，病毒致死性很强，病毒会进化，并且致死性越来越强,已取消所有聚会安排,父母已取消所有聚会安排,微信好友，公众号，微信群，微信朋友圈，微博，抖音，电视新闻，其他,较悲观，短期可能会更严重,已有权威机构证实存在短缺,口罩，酒精,未储备
2020-01-26 10:18:18,"399","31~40",男,大学本科,上班族/创业者,广西壮族自治区桂林市,"75%浓度酒精可以杀死病毒",已取消所有聚会安排,父母已取消所有聚会安排,微信群，公众号，微信朋友圈，电视新闻,中立，不做判断,没有确凿信息，不断定,口罩，体温计,已储备7天内的物资
2020-01-26 12:34:39,"494","26~30",男,硕士及以上,上班族/创业者,上海市上海市,病毒对老年人有严重的威胁，75%浓度酒精可以杀死病毒，病毒会进化，并且致死性越来越强,已取消所有聚会安排,父母已取消所有聚会安排,公众号，电视新闻，其他,较乐观，短期会好转,没有任何物资短缺信息,口罩，酒精，体温计,已储备7～30天的物资
2020-01-26 08:14:38,"262","26~30",女,硕士及以上,上班族/创业者,湖北省襄阳市,"75%浓度酒精可以杀死病毒，病毒会进化，并且致死性越来越强",已取消所有聚会安排,父母已取消所有聚会安排,公众号，微信朋友圈，微博,较悲观，短期可能会更严重,没有确凿信息，不断定,口罩，酒精，体温计,已储备7～30天的物资
2020-01-26 08:27:00,"270","18~25",女,大学本科,上班族/创业者,四川省绵阳市,"75%浓度酒精可以杀死病毒，病毒对老年人有严重的威胁，病毒会进化，并且致死性越来越强",已取消所有聚会安排,父母已取消所有聚会安排,微信好友，微信群，微信朋友圈，微博,较悲观，短期可能会更严重,没有确凿信息，不断定,口罩，酒精,已储备7天内的物资
2020-01-26 09:23:26,"330","31~40",女,大学本科,上班族/创业者,湖北省武汉市,病毒对老年人有严重的威胁，感染病毒后会立即出现咳嗽、发烧的症状，75%浓度酒精可以杀死病毒,已取消所有聚会安排,不清楚,微信好友，微信朋友圈，电视新闻，微博,较乐观，短期会好转,已有权威机构证实存在短缺,口罩，酒精，体温计,已储备7～30天的物资
2020-01-26 09:06:12,"300","26~30",女,高中/中专/技校,上班族/创业者,山西省临汾市,病毒对老年人有严重的威胁，75%浓度酒精可以杀死病毒，病毒会进化，并且致死性越来越强,已取消所有聚会安排,父母已取消所有聚会安排,微信好友，公众号，微信群，微博，微信朋友圈，抖音，电视新闻,中立，不做判断,没有确凿信息，不断定,口罩，酒精，体温计,已储备7～30天的物资
2020-01-26 09:46:38,"361","18~25",男,大学本科,大学生,海外其它,病毒对老年人有严重的威胁,已取消所有聚会安排,有聚会安排，父母会参与,微信朋友圈，微信群，公众号，微信好友,中立，不做判断,没有任何物资短缺信息,口罩，体温计,未储备
2020-01-26 12:34:08,"493","26~30",女,硕士及以上,上班族/创业者,浙江省温州市,没有生病的人，不会传染病毒，病毒对老年人有严重的威胁，75%浓度酒精可以杀死病毒，病毒会进化，并且致死性越来越强,有中型聚会安排（5～10人）,父母已取消所有聚会安排,公众号，微信朋友圈,较乐观，短期会好转,没有确凿信息，不断定,口罩，体温计，抗生素，抗病毒药物，酒精,已储备7天内的物资
2020-01-26 10:38:56,"430","18~25",男,硕士及以上,医疗工作者,内蒙古自治区通辽市,病毒对老年人有严重的威胁，75%浓度酒精可以杀死病毒,有中型聚会安排（5～10人）,有聚会安排，父母会参与,电视新闻,中立，不做判断,已有权威机构证实存在短缺,口罩,已储备7～30天的物资
2020-01-26 04:50:21,"212","31~40",女,大学专科,其他,湖北省荆门市,病毒对老年人有严重的威胁，75%浓度酒精可以杀死病毒，病毒会进化，并且致死性越来越强,已取消所有聚会安排,父母已取消所有聚会安排,微信群，微信朋友圈，微信好友，公众号，电视新闻,中立，不做判断,没有确凿信息，不断定,口罩,已储备30天以上的物资
2020-01-26 07:49:52,"246","26~30",女,大学本科,上班族/创业者,江苏省南通市,感染病毒后会立即出现咳嗽、发烧的症状，病毒对老年人有严重的威胁，75%浓度酒精可以杀死病毒，病毒致死性很强,有中型聚会安排（5～10人）,有聚会安排，父母会参与,微信好友，公众号，微信群，微信朋友圈，抖音，微博,较乐观，短期会好转,没有任何物资短缺信息,口罩,未储备
2020-01-26 03:42:26,"201","31~40",男,大学本科,公务人员,黑龙江省齐齐哈尔市,病毒对老年人有严重的威胁，75%浓度酒精可以杀死病毒,已取消所有聚会安排,父母已取消所有聚会安排,微信好友，微信群，公众号，微信朋友圈，抖音,中立，不做判断,没有任何物资短缺信息,口罩，抗生素,未储备
2020-01-26 08:18:29,"265","26~30",女,硕士及以上,上班族/创业者,浙江省杭州市,病毒对老年人有严重的威胁，75%浓度酒精可以杀死病毒,已取消所有聚会安排,不清楚,微信朋友圈，微信群，公众号，微信好友，微博，其他,较悲观，短期可能会更严重,没有任何物资短缺信息,口罩，体温计，酒精，保健品,已储备7天内的物资
2020-01-26 04:35:35,"210","31~40",不想透露,硕士及以上,公务人员,山东省潍坊市,没有生病的人，不会传染病毒，病毒对老年人有严重的威胁，感染病毒后会立即出现咳嗽、发烧的症状，75%浓度酒精可以杀死病毒,已取消所有聚会安排,父母已取消所有聚会安排,微信好友，微信朋友圈，其他,较悲观，短期可能会更严重,没有确凿信息，不断定,口罩，酒精，体温计，抗生素，抗病毒药物,已储备7～30天的物资
2020-01-26 04:49:47,"211","31~40",女,大学专科,个体经营户,河南省三门峡市,感染病毒后会立即出现咳嗽、发烧的症状，病毒对老年人有严重的威胁，病毒对幼儿几乎无威胁，75%浓度酒精可以杀死病毒，病毒致死性很强，病毒会进化，并且致死性越来越强,已取消所有聚会安排,父母已取消所有聚会安排,抖音，公众号，微信朋友圈，微信群，微博，电视新闻，微信好友,非常乐观，很快会好转,已有权威机构证实存在短缺,口罩，酒精，体温计,已储备30天以上的物资
2020-01-26 11:40:28,"473","26~30",男,硕士及以上,上班族/创业者,海外其它,病毒对老年人有严重的威胁，75%浓度酒精可以杀死病毒,已取消所有聚会安排,不清楚,微信好友，其他,中立，不做判断,没有任何物资短缺信息,酒精,未储备
2020-01-26 04:12:49,"207","18~25",男,大学本科,大学生,湖北省武汉市,病毒对老年人有严重的威胁，75%浓度酒精可以杀死病毒,已取消所有聚会安排,父母已取消所有聚会安排,公众号，微博,较乐观，短期会好转,已有权威机构证实存在短缺,口罩,已储备7～30天的物资
2020-01-26 10:41:18,"436","31~40",男,大学本科,上班族/创业者,重庆市重庆市,"75%浓度酒精可以杀死病毒，病毒对老年人有严重的威胁",已取消所有聚会安排,父母已取消所有聚会安排,公众号，电视新闻，微信朋友圈,较悲观，短期可能会更严重,没有确凿信息，不断定,口罩，抗病毒药物,已储备7天内的物资
2020-01-26 10:24:30,"405","18~25",女,大学专科,上班族/创业者,湖北省黄冈市,感染病毒后会立即出现咳嗽、发烧的症状，病毒对老年人有严重的威胁，75%浓度酒精可以杀死病毒，家里放白醋可以预防病毒，病毒致死性很强，病毒会进化，并且致死性越来越强,已取消所有聚会安排,父母已取消所有聚会安排,微博，微信好友，微信朋友圈，电视新闻,较悲观，短期可能会更严重,已有权威机构证实存在短缺,口罩，酒精,已储备7～30天的物资
2020-01-26 09:31:50,"344","18~25",女,硕士及以上,大学生,辽宁省沈阳市,没有生病的人，不会传染病毒，病毒对老年人有严重的威胁，75%浓度酒精可以杀死病毒，病毒会进化，并且致死性越来越强，病毒致死性很强,有小型聚会安排（5人以下）,有聚会安排，父母会参与,公众号，微信群，微信朋友圈，微博,较悲观，短期可能会更严重,没有确凿信息，不断定,口罩，护目镜，体温计，抗生素，抗病毒药物,已储备7天内的物资
2020-01-26 08:05:29,"256","41~50",女,大学本科,公务人员,浙江省湖州市,"75%浓度酒精可以杀死病毒，病毒对老年人有严重的威胁",已取消所有聚会安排,父母已取消所有聚会安排,微信朋友圈，微博,较乐观，短期会好转,没有确凿信息，不断定,口罩，体温计,已储备7～30天的物资
2020-01-26 04:20:03,"209","18~25",男,高中/中专/技校,其他,湖北省黄冈市,病毒对老年人有严重的威胁，75%浓度酒精可以杀死病毒，病毒对幼儿几乎无威胁,已取消所有聚会安排,父母已取消所有聚会安排,抖音，微信朋友圈，其他，公众号,中立，不做判断,没有确凿信息，不断定,口罩,已储备7～30天的物资
2020-01-26 09:24:08,"332","26~30",女,硕士及以上,大学生,甘肃省天水市,病毒对老年人有严重的威胁，75%浓度酒精可以杀死病毒，病毒会进化，并且致死性越来越强,有小型聚会安排（5人以下）,父母已取消所有聚会安排,微博，微信好友，电视新闻,中立，不做判断,没有确凿信息，不断定,口罩，酒精，体温计，抗生素,未储备
2020-01-26 10:07:50,"385","26~30",女,硕士及以上,上班族/创业者,江西省赣州市,病毒对老年人有严重的威胁，病毒致死性很强，病毒会进化，并且致死性越来越强,已取消所有聚会安排,父母已取消所有聚会安排,微信好友，公众号，微信群，微信朋友圈，电视新闻,较悲观，短期可能会更严重,没有确凿信息，不断定,口罩，护目镜，体温计,已储备7天内的物资
2020-01-26 08:29:42,"274","18~25",男,大学本科,大学生,广东省广州市,病毒对老年人有严重的威胁，75%浓度酒精可以杀死病毒，病毒会进化，并且致死性越来越强,已取消所有聚会安排,父母已取消所有聚会安排,微信好友，公众号，微信朋友圈，微博,非常悲观，会更严重，甚至进一步爆发,没有确凿信息，不断定,口罩，护目镜，酒精,未储备
2020-01-26 08:31:59,"276","18~25",女,硕士及以上,大学生,湖北省荆州市,感染病毒后会立即出现咳嗽、发烧的症状，病毒对老年人有严重的威胁，病毒会进化，并且致死性越来越强，病毒致死性很强,已取消所有聚会安排,父母已取消所有聚会安排,微信朋友圈，微信群，其他,中立，不做判断,没有确凿信息，不断定,口罩,未储备
2020-01-26 08:47:50,"284","31~40",女,大学本科,上班族/创业者,湖南省长沙市,病毒对老年人有严重的威胁，75%浓度酒精可以杀死病毒，病毒会进化，并且致死性越来越强,已取消所有聚会安排,父母已取消所有聚会安排,微信好友，微信群，微信朋友圈，电视新闻，其他,中立，不做判断,没有确凿信息，不断定,体温计，口罩，酒精，抗病毒药物,已储备7～30天的物资
2020-01-26 09:12:22,"307","41~50",男,高中/中专/技校,个体经营户,湖北省黄石市,病毒对老年人有严重的威胁，75%浓度酒精可以杀死病毒,已取消所有聚会安排,父母已取消所有聚会安排,微博，电视新闻，微信朋友圈,较乐观，短期会好转,已有权威机构证实存在短缺,口罩，抗生素,已储备7～30天的物资
2020-01-26 09:40:12,"357","18~25",女,大学本科,大学生,甘肃省临夏回族自治州,感染病毒后会立即出现咳嗽、发烧的症状，病毒会进化，并且致死性越来越强，病毒对老年人有严重的威胁,已取消所有聚会安排,父母已取消所有聚会安排,微博，公众号,较乐观，短期会好转,没有确凿信息，不断定,口罩，体温计,已储备30天以上的物资
2020-01-26 08:54:09,"290","18~25",男,大学本科,大学生,北京市北京市,家里放白醋可以预防病毒，病毒对老年人有严重的威胁,有小型聚会安排（5人以下）,父母已取消所有聚会安排,电视新闻,中立，不做判断,没有确凿信息，不断定,口罩，体温计，酒精,已储备7～30天的物资
2020-01-26 08:51:51,"287","18~25",女,硕士及以上,上班族/创业者,云南省昆明市,病毒对老年人有严重的威胁，病毒会进化，并且致死性越来越强,已取消所有聚会安排,父母已取消所有聚会安排,微信好友，公众号，微信朋友圈，微信群，微博，电视新闻,中立，不做判断,没有确凿信息，不断定,口罩，酒精，体温计,已储备7～30天的物资
2020-01-26 09:06:13,"301","18~25",男,硕士及以上,大学生,浙江省杭州市,"75%浓度酒精可以杀死病毒，病毒对老年人有严重的威胁，病毒会进化，并且致死性越来越强",已取消所有聚会安排,父母已取消所有聚会安排,微信好友，电视新闻，微博，微信朋友圈，其他,非常悲观，会更严重，甚至进一步爆发,没有确凿信息，不断定,口罩，保健品,已储备30天以上的物资
2020-01-26 09:00:49,"292","26~30",男,大学本科,上班族/创业者,湖北省孝感市,病毒对老年人有严重的威胁，75%浓度酒精可以杀死病毒,有中型聚会安排（5～10人）,父母已取消所有聚会安排,公众号，微信好友，微信群，微信朋友圈，微博，电视新闻,非常悲观，会更严重，甚至进一步爆发,已有权威机构证实存在短缺,口罩,已储备7～30天的物资
2020-01-26 10:13:00,"395","18~25",女,大学本科,大学生,内蒙古自治区呼和浩特市,病毒对老年人有严重的威胁，病毒会进化，并且致死性越来越强,有中型聚会安排（5～10人）,有聚会安排，父母会参与,微信好友，公众号，微信群，微信朋友圈，微博，电视新闻,较乐观，短期会好转,没有任何物资短缺信息,口罩，酒精，体温计，保健品,已储备7天内的物资
2020-01-26 09:35:24,"348","51~60",男,大学专科,公务人员,甘肃省天水市,病毒对老年人有严重的威胁,已取消所有聚会安排,父母已取消所有聚会安排,微信好友，微信群，微信朋友圈，电视新闻，其他,较乐观，短期会好转,没有任何物资短缺信息,口罩，体温计,未储备
2020-01-26 11:58:49,"479","18~25",女,大学本科,大学生,陕西省安康市,病毒对老年人有严重的威胁，家里放白醋可以预防病毒,已取消所有聚会安排,父母已取消所有聚会安排,微信好友，公众号，微信群，微信朋友圈，电视新闻,较乐观，短期会好转,没有确凿信息，不断定,口罩，体温计,已储备7～30天的物资
2020-01-26 11:00:14,"449","26~30",女,大学本科,上班族/创业者,重庆市重庆市,病毒对老年人有严重的威胁，75%浓度酒精可以杀死病毒，病毒致死性很强,已取消所有聚会安排,父母已取消所有聚会安排,微信好友，公众号，微信群，微信朋友圈，微博，电视新闻,较悲观，短期可能会更严重,没有确凿信息，不断定,口罩,未储备
2020-01-26 09:27:34,"337","18~25",男,大学本科,大学生,江西省吉安市,病毒对老年人有严重的威胁，75%浓度酒精可以杀死病毒，病毒会进化，并且致死性越来越强，病毒致死性很强,已取消所有聚会安排,父母已取消所有聚会安排,微信好友，公众号，微信朋友圈，电视新闻，其他,中立，不做判断,没有确凿信息，不断定,口罩，酒精,已储备7天内的物资
2020-01-26 09:21:02,"327","26~30",女,初中及以下,其他,河南省许昌市,感染病毒后会立即出现咳嗽、发烧的症状，病毒对老年人有严重的威胁，病毒致死性很强，病毒会进化，并且致死性越来越强,已取消所有聚会安排,父母已取消所有聚会安排,微信朋友圈，微信好友，微信群，公众号，微博，电视新闻，抖音,中立，不做判断,没有确凿信息，不断定,口罩,未储备
2020-01-26 03:53:10,"205","18~25",女,大学本科,大学生,广东省汕头市,病毒对老年人有严重的威胁，75%浓度酒精可以杀死病毒,已取消所有聚会安排,有聚会安排，父母会参与,微信好友，公众号，微信朋友圈，微信群，微博,较悲观，短期可能会更严重,没有确凿信息，不断定,口罩，抗病毒药物,未储备
2020-01-26 09:37:42,"351","18~25",女,硕士及以上,大学生,北京市北京市,病毒对老年人有严重的威胁，75%浓度酒精可以杀死病毒，病毒会进化，并且致死性越来越强,已取消所有聚会安排,父母已取消所有聚会安排,微信好友，公众号，微信群，微博，电视新闻,中立，不做判断,没有确凿信息，不断定,口罩，体温计，抗生素，抗病毒药物,已储备7天内的物资
2020-01-26 11:10:02,"453","26~30",女,大学本科,上班族/创业者,北京市北京市,病毒对老年人有严重的威胁，病毒会进化，并且致死性越来越强,已取消所有聚会安排,父母已取消所有聚会安排,微信好友，公众号，微信群，微信朋友圈，微博，电视新闻,非常悲观，会更严重，甚至进一步爆发,没有确凿信息，不断定,口罩，体温计,已储备7～30天的物资
2020-01-26 09:41:12,"359","41~50",女,高中/中专/技校,上班族/创业者,浙江省温州市,"75%浓度酒精可以杀死病毒",已取消所有聚会安排,父母已取消所有聚会安排,微信朋友圈，抖音，电视新闻,较乐观，短期会好转,没有任何物资短缺信息,口罩,已储备7天内的物资
2020-01-26 12:17:18,"487","18~25",女,大学本科,大学生,四川省南充市,病毒对老年人有严重的威胁，75%浓度酒精可以杀死病毒，病毒会进化，并且致死性越来越强,有中型聚会安排（5～10人）,有聚会安排，父母会参与,微信好友，公众号，微信群，微信朋友圈，微博，其他,较悲观，短期可能会更严重,没有确凿信息，不断定,口罩，酒精，体温计，抗病毒药物,已储备7～30天的物资
2020-01-26 11:33:14,"469","18~25",女,大学本科,其他,湖北省武汉市,病毒对老年人有严重的威胁，75%浓度酒精可以杀死病毒，病毒会进化，并且致死性越来越强,已取消所有聚会安排,父母已取消所有聚会安排,微信好友，公众号，电视新闻,较悲观，短期可能会更严重,已有权威机构证实存在短缺,口罩，酒精，体温计,已储备7天内的物资
2020-01-26 10:56:44,"446","18岁以下",女,高中/中专/技校,其他,北京市北京市,病毒对老年人有严重的威胁，75%浓度酒精可以杀死病毒，病毒会进化，并且致死性越来越强,有小型聚会安排（5人以下）,父母已取消所有聚会安排,微博，电视新闻,中立，不做判断,没有任何物资短缺信息,口罩，酒精，体温计,已储备30天以上的物资
2020-01-26 10:31:13,"416","18~25",女,大学本科,大学生,河北省邯郸市,病毒对老年人有严重的威胁，75%浓度酒精可以杀死病毒，病毒会进化，并且致死性越来越强,已取消所有聚会安排,父母已取消所有聚会安排,微信好友，公众号，微信群，微信朋友圈，微博，抖音，电视新闻,较悲观，短期可能会更严重,没有任何物资短缺信息,口罩，酒精，体温计，血氧仪，抗病毒药物,已储备7天内的物资
2020-01-26 09:13:44,"312","18~25",男,硕士及以上,大学生,山西省吕梁市,病毒对老年人有严重的威胁，75%浓度酒精可以杀死病毒，病毒致死性很强，病毒会进化，并且致死性越来越强,有小型聚会安排（5人以下）,父母已取消所有聚会安排,微信好友，微博,较悲观，短期可能会更严重,没有确凿信息，不断定,体温计,已储备7～30天的物资
2020-01-26 09:28:19,"340","18~25",女,大学本科,上班族/创业者,湖北省随州市,没有生病的人，不会传染病毒，病毒对老年人有严重的威胁，75%浓度酒精可以杀死病毒,已取消所有聚会安排,父母已取消所有聚会安排,微博，微信好友,较悲观，短期可能会更严重,已有权威机构证实存在短缺,口罩，体温计,已储备30天以上的物资
2020-01-26 08:20:13,"267","18~25",男,大学本科,大学生,湖南省衡阳市,病毒对老年人有严重的威胁，75%浓度酒精可以杀死病毒,已取消所有聚会安排,父母已取消所有聚会安排,微信群，公众号，微博,中立，不做判断,没有确凿信息，不断定,护目镜,未储备
2020-01-26 10:05:23,"384","18~25",女,大学本科,上班族/创业者,广东省佛山市,病毒对老年人有严重的威胁，75%浓度酒精可以杀死病毒，病毒会进化，并且致死性越来越强,已取消所有聚会安排,不清楚,微信好友，公众号，微信群，微信朋友圈，微博，电视新闻,较悲观，短期可能会更严重,没有确凿信息，不断定,口罩，体温计,已储备7～30天的物资
2020-01-26 09:29:18,"341","18~25",男,大学本科,上班族/创业者,湖北省荆州市,"",已取消所有聚会安排,父母已取消所有聚会安排,微博，公众号，微信群，微信好友,较乐观，短期会好转,已有权威机构证实存在短缺,口罩,已储备7～30天的物资
2020-01-26 10:32:48,"420","26~30",女,大学本科,上班族/创业者,海外其它,"75%浓度酒精可以杀死病毒，病毒会进化，并且致死性越来越强",已取消所有聚会安排,不清楚,抖音，微信群，微信朋友圈，微信好友,中立，不做判断,没有确凿信息，不断定,口罩,未储备
2020-01-26 07:55:48,"250","26~30",男,硕士及以上,上班族/创业者,浙江省温州市,病毒对老年人有严重的威胁，75%浓度酒精可以杀死病毒,已取消所有聚会安排,父母已取消所有聚会安排,公众号，微信群，微信朋友圈，微博,中立，不做判断,没有确凿信息，不断定,保健品,已储备30天以上的物资
2020-01-26 09:20:44,"324","18~25",女,大学本科,大学生,浙江省温州市,病毒对老年人有严重的威胁，75%浓度酒精可以杀死病毒，病毒会进化，并且致死性越来越强,已取消所有聚会安排,父母已取消所有聚会安排,微信朋友圈，微信好友，微博，公众号，微信群，电视新闻,中立，不做判断,没有确凿信息，不断定,口罩,已储备7～30天的物资
2020-01-26 08:28:38,"273","41~50",男,大学本科,上班族/创业者,安徽省安庆市,病毒对老年人有严重的威胁，75%浓度酒精可以杀死病毒，病毒致死性很强，病毒会进化，并且致死性越来越强,已取消所有聚会安排,父母已取消所有聚会安排,微信好友，微信群，微信朋友圈，抖音，电视新闻，其他，公众号,中立，不做判断,没有确凿信息，不断定,口罩，体温计，酒精,已储备7天内的物资
2020-01-26 08:45:46,"281","26~30",男,硕士及以上,上班族/创业者,北京市北京市,病毒对老年人有严重的威胁，75%浓度酒精可以杀死病毒,有中型聚会安排（5～10人）,父母已取消所有聚会安排,微信好友，公众号，微信群，微信朋友圈，微博，抖音，电视新闻,中立，不做判断,没有确凿信息，不断定,口罩,已储备7～30天的物资
2020-01-26 06:28:16,"224","31~40",女,初中及以下,个体经营户,湖南省长沙市,家里放白醋可以预防病毒,已取消所有聚会安排,父母已取消所有聚会安排,电视新闻,中立，不做判断,没有确凿信息，不断定,口罩，抗病毒药物,已储备7天内的物资
2020-01-26 08:03:16,"252","26~30",女,大学专科,其他,河南省郑州市,病毒对老年人有严重的威胁，病毒会进化，并且致死性越来越强,已取消所有聚会安排,有聚会安排，父母会参与,微博，抖音,较乐观，短期会好转,没有任何物资短缺信息,口罩,未储备
2020-01-26 12:08:39,"483","18~25",女,大学本科,大学生,陕西省宝鸡市,病毒对老年人有严重的威胁，75%浓度酒精可以杀死病毒,已取消所有聚会安排,父母已取消所有聚会安排,微信好友，公众号，微信群，微信朋友圈，微博，电视新闻，其他,中立，不做判断,没有确凿信息，不断定,口罩，酒精，体温计,已储备7～30天的物资
2020-01-26 10:02:06,"378","18~25",男,大学本科,大学生,辽宁省本溪市,病毒对老年人有严重的威胁，病毒对幼儿几乎无威胁，75%浓度酒精可以杀死病毒,已取消所有聚会安排,父母已取消所有聚会安排,微博，微信朋友圈，微信好友，公众号，电视新闻,中立，不做判断,没有确凿信息，不断定,口罩，酒精，体温计,已储备7～30天的物资
2020-01-26 08:39:36,"279","18~25",女,大学本科,大学生,河北省保定市,病毒对老年人有严重的威胁，75%浓度酒精可以杀死病毒，病毒会进化，并且致死性越来越强,已取消所有聚会安排,父母已取消所有聚会安排,微博，抖音，电视新闻,较乐观，短期会好转,没有确凿信息，不断定,口罩，保健品,已储备7～30天的物资
2020-01-26 05:40:56,"218","41~50",女,硕士及以上,其他,江苏省盐城市,病毒对老年人有严重的威胁，病毒会进化，并且致死性越来越强,已取消所有聚会安排,有聚会安排，父母会参与,微信好友，公众号，微信群，微信朋友圈，微博,中立，不做判断,没有确凿信息，不断定,口罩，体温计，抗生素，保健品,已储备30天以上的物资
2020-01-26 05:55:46,"221","60以上",女,初中及以下,其他,湖南省岳阳市,没有生病的人，不会传染病毒,已取消所有聚会安排,有聚会安排，父母会参与,微信好友，电视新闻，微信朋友圈,较乐观，短期会好转,没有确凿信息，不断定,口罩，体温计,已储备7天内的物资
2020-01-26 07:30:40,"236","26~30",男,大学本科,大学生,内蒙古自治区鄂尔多斯市,病毒对老年人有严重的威胁，75%浓度酒精可以杀死病毒,已取消所有聚会安排,父母已取消所有聚会安排,微信好友，微信朋友圈，微博，公众号,较悲观，短期可能会更严重,没有任何物资短缺信息,口罩，酒精，体温计,未储备
2020-01-26 10:22:20,"402","18~25",女,大学本科,大学生,山西省太原市,病毒对老年人有严重的威胁，75%浓度酒精可以杀死病毒，病毒会进化，并且致死性越来越强,有小型聚会安排（5人以下）,父母已取消所有聚会安排,微信好友，微博，抖音，微信朋友圈，微信群，公众号,较悲观，短期可能会更严重,没有确凿信息，不断定,口罩，体温计，保健品,已储备7天内的物资
2020-01-26 10:34:10,"423","18~25",女,硕士及以上,大学生,浙江省温州市,"75%浓度酒精可以杀死病毒，目前抗病毒药物已经成功研发",已取消所有聚会安排,父母已取消所有聚会安排,公众号，微信朋友圈，微博，电视新闻，其他,中立，不做判断,已有权威机构证实存在短缺,口罩，酒精，体温计,已储备7～30天的物资
2020-01-26 05:18:59,"217","51~60",女,硕士及以上,其他,湖北省武汉市,病毒对老年人有严重的威胁，75%浓度酒精可以杀死病毒，没有生病的人，不会传染病毒,已取消所有聚会安排,父母已取消所有聚会安排,微信好友，公众号，微信群，微信朋友圈，微博,较乐观，短期会好转,已有权威机构证实存在短缺,口罩，体温计,已储备7天内的物资
2020-01-26 09:24:19,"333","18~25",女,大学专科,大学生,山西省忻州市,病毒对老年人有严重的威胁,已取消所有聚会安排,不清楚,抖音，微博，电视新闻,中立，不做判断,没有任何物资短缺信息,口罩，体温计,已储备7天内的物资
2020-01-26 11:25:53,"463","18~25",男,大学本科,大学生,河北省邯郸市,"75%浓度酒精可以杀死病毒，病毒对老年人有严重的威胁，病毒会进化，并且致死性越来越强",已取消所有聚会安排,父母已取消所有聚会安排,微信好友，公众号，微信群，微信朋友圈，微博，电视新闻,较悲观，短期可能会更严重,没有确凿信息，不断定,口罩,已储备7～30天的物资
2020-01-26 09:06:22,"302","18~25",男,大学本科,大学生,四川省广安市,病毒对老年人有严重的威胁，75%浓度酒精可以杀死病毒,已取消所有聚会安排,父母已取消所有聚会安排,公众号，微信好友，微博，电视新闻,较悲观，短期可能会更严重,没有任何物资短缺信息,口罩，酒精,未储备
2020-01-26 07:51:10,"247","18~25",女,大学专科,上班族/创业者,湖北省黄冈市,病毒对老年人有严重的威胁，75%浓度酒精可以杀死病毒，病毒会进化，并且致死性越来越强,已取消所有聚会安排,父母已取消所有聚会安排,微信好友，公众号，微信群，微信朋友圈，微博,较悲观，短期可能会更严重,已有权威机构证实存在短缺,口罩，酒精，体温计，抗生素,已储备7～30天的物资
2020-01-26 11:17:17,"458","26~30",男,硕士及以上,上班族/创业者,江苏省南京市,没有生病的人，不会传染病毒，病毒对老年人有严重的威胁，病毒对幼儿几乎无威胁，75%浓度酒精可以杀死病毒，病毒会进化，并且致死性越来越强,已取消所有聚会安排,父母已取消所有聚会安排,微信好友，公众号，电视新闻，其他，微信朋友圈，微博，微信群,非常悲观，会更严重，甚至进一步爆发,没有确凿信息，不断定,口罩，体温计,已储备7～30天的物资
2020-01-26 10:30:32,"414","18~25",女,大学本科,大学生,陕西省安康市,病毒对老年人有严重的威胁，没有生病的人，不会传染病毒，75%浓度酒精可以杀死病毒,有小型聚会安排（5人以下）,不清楚,微信好友，公众号，微信群，微信朋友圈，微博，抖音，电视新闻,中立，不做判断,没有确凿信息，不断定,体温计,已储备7天内的物资
2020-01-26 10:56:38,"445","26~30",女,大学本科,上班族/创业者,辽宁省沈阳市,病毒对老年人有严重的威胁，病毒会进化，并且致死性越来越强,已取消所有聚会安排,父母已取消所有聚会安排,公众号，微信群，微信朋友圈，抖音，电视新闻,中立，不做判断,没有确凿信息，不断定,口罩，体温计,未储备
2020-01-26 10:35:21,"425","26~30",男,硕士及以上,大学生,浙江省金华市,病毒对老年人有严重的威胁，病毒对幼儿几乎无威胁，75%浓度酒精可以杀死病毒，病毒会进化，并且致死性越来越强,有小型聚会安排（5人以下）,父母已取消所有聚会安排,微博，电视新闻，微信朋友圈,较悲观，短期可能会更严重,没有确凿信息，不断定,口罩，酒精，体温计,未储备
2020-01-26 08:19:34,"266","18~25",女,大学本科,大学生,山东省济南市,感染病毒后会立即出现咳嗽、发烧的症状，病毒会进化，并且致死性越来越强,有中型聚会安排（5～10人）,有聚会安排，父母会参与,微博，电视新闻,中立，不做判断,没有任何物资短缺信息,口罩,已储备7天内的物资
2020-01-26 10:32:13,"419","18~25",女,大学本科,大学生,陕西省安康市,病毒对老年人有严重的威胁，75%浓度酒精可以杀死病毒，病毒致死性很强，病毒会进化，并且致死性越来越强,有小型聚会安排（5人以下）,父母已取消所有聚会安排,微信好友，公众号，微信群，微信朋友圈，微博，电视新闻,中立，不做判断,没有任何物资短缺信息,口罩，体温计，保健品,已储备7天内的物资
2020-01-26 09:31:56,"345","26~30",男,硕士及以上,上班族/创业者,湖北省黄石市,"75%浓度酒精可以杀死病毒，病毒对老年人有严重的威胁",已取消所有聚会安排,父母已取消所有聚会安排,公众号,中立，不做判断,已有权威机构证实存在短缺,体温计,已储备7天内的物资
2020-01-26 09:12:27,"308","18~25",女,大学本科,大学生,山西省太原市,病毒对老年人有严重的威胁，75%浓度酒精可以杀死病毒，病毒会进化，并且致死性越来越强,已取消所有聚会安排,父母已取消所有聚会安排,微信好友，公众号，微信朋友圈，微博，微信群,较悲观，短期可能会更严重,没有确凿信息，不断定,口罩,未储备
2020-01-26 10:02:02,"377","18~25",女,硕士及以上,大学生,湖北省荆州市,病毒对老年人有严重的威胁，75%浓度酒精可以杀死病毒，病毒会进化，并且致死性越来越强,已取消所有聚会安排,父母已取消所有聚会安排,微信好友，公众号，微信群，微信朋友圈，微博，电视新闻，其他,较悲观，短期可能会更严重,已有权威机构证实存在短缺,酒精,已储备30天以上的物资
2020-01-26 09:39:44,"356","18~25",男,大学本科,上班族/创业者,山东省日照市,病毒对老年人有严重的威胁，75%浓度酒精可以杀死病毒,有小型聚会安排（5人以下）,父母已取消所有聚会安排,微信好友，微博，抖音，电视新闻,较乐观，短期会好转,已有权威机构证实存在短缺,口罩,已储备7天内的物资
2020-01-26 10:03:12,"381","18~25",女,硕士及以上,大学生,山东省济南市,"75%浓度酒精可以杀死病毒，病毒会进化，并且致死性越来越强",已取消所有聚会安排,父母已取消所有聚会安排,微信好友，公众号，微信群，微信朋友圈，微博，电视新闻,较乐观，短期会好转,没有确凿信息，不断定,口罩，酒精，体温计,未储备
2020-01-26 10:40:29,"434","41~50",女,硕士及以上,上班族/创业者,重庆市重庆市,病毒对老年人有严重的威胁，75%浓度酒精可以杀死病毒,已取消所有聚会安排,父母已取消所有聚会安排,微信好友，公众号，微信朋友圈，微信群，电视新闻,较悲观，短期可能会更严重,没有确凿信息，不断定,口罩，酒精,未储备
2020-01-26 10:45:30,"441","26~30",女,硕士及以上,其他,安徽省宿州市,感染病毒后会立即出现咳嗽、发烧的症状，病毒对老年人有严重的威胁，75%浓度酒精可以杀死病毒，家里放白醋可以预防病毒，病毒致死性很强，病毒会进化，并且致死性越来越强,有小型聚会安排（5人以下）,父母已取消所有聚会安排,公众号，微信群，微信好友，微信朋友圈，微博，电视新闻，其他,较悲观，短期可能会更严重,没有确凿信息，不断定,口罩，体温计,已储备7天内的物资
2020-01-26 09:57:51,"372","26~30",女,硕士及以上,上班族/创业者,广西壮族自治区桂林市,病毒对老年人有严重的威胁,已取消所有聚会安排,父母已取消所有聚会安排,微信朋友圈，微信好友，微博，抖音，电视新闻,非常悲观，会更严重，甚至进一步爆发,没有确凿信息，不断定,口罩，体温计，抗生素,已储备7～30天的物资
2020-01-26 10:44:54,"439","18~25",男,大学本科,大学生,重庆市重庆市,病毒对老年人有严重的威胁，病毒会进化，并且致死性越来越强，75%浓度酒精可以杀死病毒,已取消所有聚会安排,父母已取消所有聚会安排,微博，微信好友,较悲观，短期可能会更严重,没有确凿信息，不断定,口罩，抗病毒药物,已储备7天内的物资
2020-01-26 12:00:23,"481","18~25",女,大学专科,上班族/创业者,山东省济南市,病毒对老年人有严重的威胁，病毒致死性很强，病毒会进化，并且致死性越来越强,有中型聚会安排（5～10人）,父母已取消所有聚会安排,微信好友，电视新闻，抖音，微博,中立，不做判断,没有确凿信息，不断定,口罩，体温计,已储备7天内的物资
2020-01-26 03:50:33,"204","26~30",不想透露,保密,上班族/创业者,辽宁省大连市,病毒对老年人有严重的威胁，75%浓度酒精可以杀死病毒，家里放白醋可以预防病毒，目前抗病毒药物已经成功研发,已取消所有聚会安排,父母已取消所有聚会安排,微信好友，微信群，微信朋友圈，微博，抖音，公众号,较悲观，短期可能会更严重,没有任何物资短缺信息,口罩，酒精，体温计,未储备
2020-01-26 05:09:17,"213","18~25",女,大学本科,上班族/创业者,江苏省常州市,病毒对老年人有严重的威胁，病毒致死性很强，病毒会进化，并且致死性越来越强,已取消所有聚会安排,父母已取消所有聚会安排,微博,较乐观，短期会好转,没有任何物资短缺信息,口罩,已储备7天内的物资
2020-01-26 10:08:15,"387","41~50",女,大学本科,上班族/创业者,广东省深圳市,感染病毒后会立即出现咳嗽、发烧的症状，病毒对老年人有严重的威胁,已取消所有聚会安排,父母已取消所有聚会安排,公众号，微信朋友圈，微信群,中立，不做判断,没有确凿信息，不断定,口罩,已储备7天内的物资
2020-01-26 10:12:40,"394","18~25",女,大学专科,大学生,山西省忻州市,感染病毒后会立即出现咳嗽、发烧的症状，病毒对老年人有严重的威胁，75%浓度酒精可以杀死病毒，病毒致死性很强，病毒会进化，并且致死性越来越强,已取消所有聚会安排,父母已取消所有聚会安排,微信朋友圈，微信群，其他,较乐观，短期会好转,没有确凿信息，不断定,口罩，体温计，抗病毒药物，抗生素,已储备7天内的物资
2020-01-26 07:43:12,"243","18~25",女,硕士及以上,大学生,广东省中山市,"75%浓度酒精可以杀死病毒，病毒对老年人有严重的威胁，没有生病的人，不会传染病毒",有大型聚会安排（11及以上）,有聚会安排，父母会参与,微信好友，公众号，微信群，微信朋友圈，微博,中立，不做判断,没有确凿信息，不断定,口罩,已储备7天内的物资
2020-01-26 11:33:27,"470","18岁以下",男,保密,其他,山东省济南市,"75%浓度酒精可以杀死病毒，病毒对老年人有严重的威胁，病毒会进化，并且致死性越来越强",已取消所有聚会安排,父母已取消所有聚会安排,公众号，微信群，微信朋友圈，微信好友,中立，不做判断,没有确凿信息，不断定,口罩，酒精，护目镜,已储备7天内的物资
2020-01-26 09:15:01,"314","31~40",女,大学本科,上班族/创业者,北京市北京市,"75%浓度酒精可以杀死病毒，病毒会进化，并且致死性越来越强，病毒对老年人有严重的威胁",已取消所有聚会安排,父母已取消所有聚会安排,微信朋友圈，微博，其他,较悲观，短期可能会更严重,没有任何物资短缺信息,口罩，体温计，抗生素,已储备7天内的物资
2020-01-26 11:04:24,"450","18~25",男,保密,其他,江西省上饶市,病毒对老年人有严重的威胁，病毒对幼儿几乎无威胁，75%浓度酒精可以杀死病毒，目前抗病毒药物已经成功研发,已取消所有聚会安排,父母已取消所有聚会安排,其他，公众号，微博，微信朋友圈,较悲观，短期可能会更严重,没有确凿信息，不断定,抗病毒药物，体温计，酒精，口罩,已储备7天内的物资
2020-01-26 10:33:38,"421","18岁以下",不想透露,高中/中专/技校,其他,湖北省黄冈市,感染病毒后会立即出现咳嗽、发烧的症状，目前抗病毒药物已经成功研发，病毒对幼儿几乎无威胁,已取消所有聚会安排,父母已取消所有聚会安排,抖音，微信好友，电视新闻,较悲观，短期可能会更严重,已有权威机构证实存在短缺,口罩,已储备7～30天的物资
2020-01-26 09:10:25,"305","18~25",男,大学本科,其他,河南省郑州市,病毒对老年人有严重的威胁，75%浓度酒精可以杀死病毒,有中型聚会安排（5～10人）,不清楚,公众号，电视新闻，微博,中立，不做判断,没有确凿信息，不断定,口罩，护目镜，酒精，体温计,未储备
2020-01-26 08:51:29,"286","18~25",女,大学本科,上班族/创业者,西藏自治区拉萨市,病毒对老年人有严重的威胁，75%浓度酒精可以杀死病毒，病毒致死性很强，病毒会进化，并且致死性越来越强,已取消所有聚会安排,有聚会安排，父母会参与,微信好友，公众号，微信朋友圈，微博,中立，不做判断,没有确凿信息，不断定,口罩，酒精,未储备
2020-01-26 10:24:09,"404","18~25",女,大学专科,大学生,湖北省荆门市,病毒对老年人有严重的威胁，75%浓度酒精可以杀死病毒，病毒会进化，并且致死性越来越强,已取消所有聚会安排,父母已取消所有聚会安排,微信好友，公众号，微信群，微信朋友圈，微博，抖音，电视新闻,中立，不做判断,已有权威机构证实存在短缺,口罩,已储备7～30天的物资
2020-01-26 09:02:44,"294","26~30",男,大学专科,上班族/创业者,湖南省衡阳市,病毒对老年人有严重的威胁，75%浓度酒精可以杀死病毒，病毒会进化，并且致死性越来越强,有中型聚会安排（5～10人）,有聚会安排，父母会参与,微信群，微信朋友圈，公众号，微博,较悲观，短期可能会更严重,没有任何物资短缺信息,口罩,已储备7天内的物资
2020-01-26 11:10:15,"454","18~25",女,大学本科,大学生,湖北省黄冈市,感染病毒后会立即出现咳嗽、发烧的症状，病毒对老年人有严重的威胁，病毒会进化，并且致死性越来越强,已取消所有聚会安排,父母已取消所有聚会安排,公众号，微博，电视新闻，其他,较乐观，短期会好转,没有确凿信息，不断定,口罩,已储备7～30天的物资
2020-01-26 08:13:58,"261","18~25",男,大学本科,上班族/创业者,湖北省黄冈市,病毒对老年人有严重的威胁，病毒对幼儿几乎无威胁，75%浓度酒精可以杀死病毒，病毒会进化，并且致死性越来越强,已取消所有聚会安排,父母已取消所有聚会安排,微信好友，微信群，微博，电视新闻，其他,较悲观，短期可能会更严重,已有权威机构证实存在短缺,口罩,已储备7～30天的物资
2020-01-26 10:08:45,"389","31~40",男,硕士及以上,上班族/创业者,内蒙古自治区包头市,病毒对老年人有严重的威胁，75%浓度酒精可以杀死病毒，病毒会进化，并且致死性越来越强,有中型聚会安排（5～10人）,有聚会安排，父母会参与,公众号，微信群，微信朋友圈，微博，其他,中立，不做判断,没有确凿信息，不断定,口罩,已储备7天内的物资
2020-01-26 10:40:12,"433","31~40",女,大学专科,上班族/创业者,重庆市重庆市,病毒对老年人有严重的威胁,已取消所有聚会安排,父母已取消所有聚会安排,公众号，电视新闻,中立，不做判断,没有确凿信息，不断定,口罩，体温计，抗病毒药物,已储备7天内的物资
2020-01-26 06:07:00,"222","31~40",女,大学本科,其他,湖南省长沙市,病毒会进化，并且致死性越来越强,有中型聚会安排（5～10人）,有聚会安排，父母会参与,微信好友，公众号，微信群，微信朋友圈，微博，抖音，电视新闻，其他,非常乐观，很快会好转,没有确凿信息，不断定,体温计,未储备
2020-01-26 09:01:05,"293","31~40",女,高中/中专/技校,其他,河南省郑州市,感染病毒后会立即出现咳嗽、发烧的症状，病毒对老年人有严重的威胁，病毒致死性很强，病毒会进化，并且致死性越来越强，75%浓度酒精可以杀死病毒,已取消所有聚会安排,父母已取消所有聚会安排,电视新闻，微博，公众号，微信朋友圈，微信好友，微信群，抖音,较乐观，短期会好转,没有确凿信息，不断定,口罩，体温计,已储备7天内的物资
2020-01-26 09:20:48,"325","18~25",女,大学专科,大学生,山西省晋城市,病毒对老年人有严重的威胁，病毒会进化，并且致死性越来越强，病毒致死性很强,有中型聚会安排（5～10人）,父母已取消所有聚会安排,微信朋友圈,中立，不做判断,没有确凿信息，不断定,口罩,未储备
2020-01-26 09:23:44,"331","31~40",男,保密,工人/蓝领,河北省邢台市,"75%浓度酒精可以杀死病毒，病毒对幼儿几乎无威胁，家里放白醋可以预防病毒",已取消所有聚会安排,父母已取消所有聚会安排,微信好友，微信朋友圈，电视新闻,中立，不做判断,没有确凿信息，不断定,口罩，体温计,未储备
2020-01-26 08:55:02,"291","31~40",女,大学本科,媒体工作者,北京市北京市,病毒对老年人有严重的威胁,有中型聚会安排（5～10人）,有聚会安排，父母会参与,公众号，微博，微信朋友圈，其他,较乐观，短期会好转,没有确凿信息，不断定,口罩，血氧仪,未储备
2020-01-26 05:15:50,"215","26~30",女,硕士及以上,大学生,海外其它,"75%浓度酒精可以杀死病毒，病毒会进化，并且致死性越来越强，病毒对老年人有严重的威胁",已取消所有聚会安排,父母已取消所有聚会安排,微信好友，微信朋友圈，微博，电视新闻，其他,中立，不做判断,没有任何物资短缺信息,口罩，体温计，抗生素，抗病毒药物,已储备7～30天的物资
2020-01-26 07:12:56,"231","18岁以下",女,保密,其他,上海市上海市,病毒对老年人有严重的威胁，75%浓度酒精可以杀死病毒,有小型聚会安排（5人以下）,父母已取消所有聚会安排,微博,较乐观，短期会好转,没有确凿信息，不断定,口罩,已储备7天内的物资
2020-01-26 10:50:38,"442","18~25",女,硕士及以上,大学生,湖北省恩施土家族苗族自治州,病毒对老年人有严重的威胁，75%浓度酒精可以杀死病毒，病毒会进化，并且致死性越来越强,已取消所有聚会安排,父母已取消所有聚会安排,微信好友，微信群，微信朋友圈，微博，电视新闻,中立，不做判断,已有权威机构证实存在短缺,口罩,已储备7天内的物资
2020-01-26 09:16:37,"317","26~30",男,硕士及以上,上班族/创业者,北京市北京市,病毒对老年人有严重的威胁，75%浓度酒精可以杀死病毒，病毒会进化，并且致死性越来越强,已取消所有聚会安排,父母已取消所有聚会安排,微信好友，微信群，公众号，微信朋友圈，微博,较乐观，短期会好转,没有确凿信息，不断定,口罩，护目镜，酒精，体温计,未储备
2020-01-26 08:17:40,"264","31~40",男,硕士及以上,上班族/创业者,吉林省吉林市,病毒对老年人有严重的威胁，75%浓度酒精可以杀死病毒，病毒会进化，并且致死性越来越强,有大型聚会安排（11及以上）,父母已取消所有聚会安排,微信朋友圈，公众号，电视新闻,非常悲观，会更严重，甚至进一步爆发,没有确凿信息，不断定,体温计，口罩,未储备
2020-01-26 10:08:06,"386","18~25",男,保密,媒体工作者,广东省汕头市,病毒对老年人有严重的威胁，75%浓度酒精可以杀死病毒,已取消所有聚会安排,父母已取消所有聚会安排,公众号，微信群，微信朋友圈，微博，抖音，电视新闻,中立，不做判断,没有任何物资短缺信息,口罩,已储备7天内的物资
2020-01-26 07:12:57,"232","18~25",男,硕士及以上,上班族/创业者,江苏省南通市,病毒对老年人有严重的威胁，75%浓度酒精可以杀死病毒,有中型聚会安排（5～10人）,有聚会安排，父母会参与,微信好友，公众号，微信群，微信朋友圈，微博，电视新闻,较乐观，短期会好转,没有任何物资短缺信息,口罩，酒精，体温计，保健品,已储备7天内的物资
2020-01-26 03:41:29,"200","18~25",男,大学本科,大学生,湖北省黄石市,病毒对老年人有严重的威胁，75%浓度酒精可以杀死病毒,已取消所有聚会安排,父母已取消所有聚会安排,微博，电视新闻，公众号，其他,中立，不做判断,没有确凿信息，不断定,口罩，酒精,已储备7～30天的物资
2020-01-26 07:23:13,"235","51~60",女,大学本科,上班族/创业者,广东省深圳市,没有生病的人，不会传染病毒，病毒对老年人有严重的威胁，病毒对幼儿几乎无威胁，75%浓度酒精可以杀死病毒,已取消所有聚会安排,父母已取消所有聚会安排,微信好友，微信群，微博,较乐观，短期会好转,没有确凿信息，不断定,口罩，体温计,未储备
2020-01-26 05:09:26,"214","26~30",男,硕士及以上,大学生,湖北省武汉市,病毒对老年人有严重的威胁，75%浓度酒精可以杀死病毒，病毒会进化，并且致死性越来越强,已取消所有聚会安排,父母已取消所有聚会安排,微博，微信朋友圈，其他，微信好友，公众号,较悲观，短期可能会更严重,已有权威机构证实存在短缺,口罩，酒精,已储备30天以上的物资
2020-01-26 10:00:06,"374","18~25",女,硕士及以上,上班族/创业者,广东省深圳市,病毒对老年人有严重的威胁，75%浓度酒精可以杀死病毒,有中型聚会安排（5～10人）,父母已取消所有聚会安排,公众号，微信群，微信朋友圈，微博,较乐观，短期会好转,没有确凿信息，不断定,口罩，酒精，体温计，血氧仪，抗生素，抗病毒药物,已储备7～30天的物资
2020-01-26 09:48:21,"362","26~30",男,大学本科,上班族/创业者,湖北省荆州市,病毒对老年人有严重的威胁，75%浓度酒精可以杀死病毒，病毒会进化，并且致死性越来越强,已取消所有聚会安排,父母已取消所有聚会安排,微信好友，公众号，微信群，微信朋友圈,较悲观，短期可能会更严重,已有权威机构证实存在短缺,口罩，体温计，抗生素,已储备30天以上的物资
2020-01-26 09:26:44,"336","18~25",女,大学本科,其他,湖北省襄阳市,病毒对老年人有严重的威胁，75%浓度酒精可以杀死病毒,已取消所有聚会安排,父母已取消所有聚会安排,微信好友，微信群，微博，其他,中立，不做判断,已有权威机构证实存在短缺,口罩,已储备7～30天的物资
2020-01-26 11:42:57,"474","18~25",女,大学本科,上班族/创业者,辽宁省朝阳市,感染病毒后会立即出现咳嗽、发烧的症状，病毒对老年人有严重的威胁，75%浓度酒精可以杀死病毒，目前抗病毒药物已经成功研发，病毒致死性很强，病毒会进化，并且致死性越来越强,有中型聚会安排（5～10人）,父母已取消所有聚会安排,微博，微信朋友圈，电视新闻,较悲观，短期可能会更严重,没有确凿信息，不断定,口罩，酒精，体温计，抗病毒药物,已储备7天内的物资
2020-01-26 11:26:58,"464","31~40",女,高中/中专/技校,其他,浙江省温州市,感染病毒后会立即出现咳嗽、发烧的症状，病毒对老年人有严重的威胁，75%浓度酒精可以杀死病毒，病毒致死性很强，病毒会进化，并且致死性越来越强,已取消所有聚会安排,父母已取消所有聚会安排,微信朋友圈，微博，抖音，电视新闻，微信好友,非常乐观，很快会好转,没有确凿信息，不断定,口罩，体温计，保健品,已储备7天内的物资
2020-01-26 08:41:19,"280","26~30",女,大学本科,医疗工作者,河南省郑州市,感染病毒后会立即出现咳嗽、发烧的症状，病毒对老年人有严重的威胁，75%浓度酒精可以杀死病毒，病毒致死性很强，病毒会进化，并且致死性越来越强,已取消所有聚会安排,父母已取消所有聚会安排,微信朋友圈，微博，抖音，电视新闻,中立，不做判断,已有权威机构证实存在短缺,口罩，体温计,已储备7天内的物资
2020-01-26 09:38:28,"353","18~25",男,大学专科,上班族/创业者,湖南省郴州市,病毒对老年人有严重的威胁，75%浓度酒精可以杀死病毒，感染病毒后会立即出现咳嗽、发烧的症状,已取消所有聚会安排,有聚会安排，父母会参与,公众号，微博，微信好友,较乐观，短期会好转,没有确凿信息，不断定,体温计,未储备
2020-01-26 09:28:08,"339","26~30",男,大学本科,上班族/创业者,湖北省武汉市,病毒对老年人有严重的威胁，病毒会进化，并且致死性越来越强,已取消所有聚会安排,父母已取消所有聚会安排,公众号，微信朋友圈，微信群，微博，电视新闻,较悲观，短期可能会更严重,已有权威机构证实存在短缺,口罩，抗生素,已储备7天内的物资
2020-01-26 10:37:44,"427","26~30",女,初中及以下,上班族/创业者,广东省揭阳市,感染病毒后会立即出现咳嗽、发烧的症状，病毒对老年人有严重的威胁，病毒致死性很强，病毒会进化，并且致死性越来越强,已取消所有聚会安排,不清楚,微信好友，微博，抖音，微信群，微信朋友圈,较乐观，短期会好转,没有确凿信息，不断定,口罩,未储备
2020-01-26 10:08:20,"388","18~25",女,大学本科,大学生,湖南省长沙市,病毒对老年人有严重的威胁，75%浓度酒精可以杀死病毒,有中型聚会安排（5～10人）,有聚会安排，父母会参与,微信好友，公众号，微信群，微信朋友圈，微博,中立，不做判断,没有确凿信息，不断定,口罩，酒精,已储备7天内的物资
2020-01-26 09:11:30,"306","26~30",男,硕士及以上,上班族/创业者,广东省梅州市,感染病毒后会立即出现咳嗽、发烧的症状，病毒对老年人有严重的威胁，75%浓度酒精可以杀死病毒,有大型聚会安排（11及以上）,父母已取消所有聚会安排,公众号，微博，抖音,较乐观，短期会好转,没有任何物资短缺信息,口罩,未储备
2020-01-26 10:04:45,"382","26~30",男,硕士及以上,上班族/创业者,陕西省西安市,病毒对老年人有严重的威胁，75%浓度酒精可以杀死病毒，病毒致死性很强,已取消所有聚会安排,父母已取消所有聚会安排,微信好友，公众号，微信群，微信朋友圈,较乐观，短期会好转,没有确凿信息，不断定,口罩，护目镜，酒精，体温计,未储备
2020-01-26 05:44:37,"219","26~30",女,硕士及以上,大学生,湖北省武汉市,病毒对老年人有严重的威胁,已取消所有聚会安排,父母已取消所有聚会安排,公众号，微信好友，微信群，微博，微信朋友圈,非常悲观，会更严重，甚至进一步爆发,已有权威机构证实存在短缺,口罩,已储备30天以上的物资
2020-01-26 07:39:36,"238","31~40",女,大学本科,其他,广东省深圳市,"75%浓度酒精可以杀死病毒",有小型聚会安排（5人以下）,父母已取消所有聚会安排,公众号，微信群，微信朋友圈，微博，电视新闻，其他，微信好友,中立，不做判断,没有确凿信息，不断定,口罩，酒精，体温计,已储备7天内的物资
2020-01-26 10:30:13,"412","26~30",女,高中/中专/技校,个体经营户,广西壮族自治区北海市,病毒对老年人有严重的威胁，病毒致死性很强，病毒会进化，并且致死性越来越强,有小型聚会安排（5人以下）,父母已取消所有聚会安排,微信好友，微信群，微信朋友圈，微博，抖音，电视新闻，公众号，其他,较悲观，短期可能会更严重,没有确凿信息，不断定,口罩，体温计,未储备
2020-01-26 10:44:07,"438","18~25",女,大学本科,大学生,广西壮族自治区贺州市,病毒对老年人有严重的威胁，75%浓度酒精可以杀死病毒，家里放白醋可以预防病毒，病毒会进化，并且致死性越来越强,已取消所有聚会安排,父母已取消所有聚会安排,微信好友，微信群，公众号，微信朋友圈，抖音，电视新闻，其他,中立，不做判断,没有确凿信息，不断定,口罩,未储备
2020-01-26 12:12:40,"486","41~50",男,大学专科,上班族/创业者,江苏省无锡市,病毒对老年人有严重的威胁，75%浓度酒精可以杀死病毒,已取消所有聚会安排,有聚会安排，父母会参与,公众号，微信群，微信朋友圈,较乐观，短期会好转,没有确凿信息，不断定,口罩，体温计,未储备
2020-01-26 08:09:06,"259","26~30",不想透露,硕士及以上,大学生,安徽省合肥市,病毒对老年人有严重的威胁，75%浓度酒精可以杀死病毒,有小型聚会安排（5人以下）,不清楚,微信群，微信朋友圈，公众号,中立，不做判断,没有确凿信息，不断定,口罩，酒精，体温计，保健品,已储备7天内的物资
2020-01-26 09:25:13,"334","18~25",女,大学专科,大学生,山西省太原市,没有生病的人，不会传染病毒，感染病毒后会立即出现咳嗽、发烧的症状，病毒对老年人有严重的威胁，病毒会进化，并且致死性越来越强,已取消所有聚会安排,父母已取消所有聚会安排,微信好友，公众号，微信群，微信朋友圈，微博，抖音，电视新闻，其他,中立，不做判断,没有确凿信息，不断定,口罩，体温计,未储备
2020-01-26 09:48:52,"364","18~25",女,硕士及以上,大学生,湖北省咸宁市,没有生病的人，不会传染病毒，病毒对老年人有严重的威胁，病毒对幼儿几乎无威胁，家里放白醋可以预防病毒，病毒会进化，并且致死性越来越强，病毒致死性很强,已取消所有聚会安排,父母已取消所有聚会安排,公众号，微信好友，微信朋友圈，微信群，微博，抖音,非常悲观，会更严重，甚至进一步爆发,已有权威机构证实存在短缺,口罩，酒精，体温计,已储备7～30天的物资
2020-01-26 10:04:48,"383","18~25",男,大学本科,大学生,浙江省金华市,"75%浓度酒精可以杀死病毒",已取消所有聚会安排,有聚会安排，父母会参与,微信好友，公众号，微信朋友圈，微博，电视新闻,较悲观，短期可能会更严重,没有确凿信息，不断定,口罩，酒精,已储备7天内的物资
2020-01-26 12:47:22,"496","18~25",女,大学本科,大学生,陕西省宝鸡市,"75%浓度酒精可以杀死病毒",已取消所有聚会安排,父母已取消所有聚会安排,公众号，微博，微信好友，抖音，电视新闻,中立，不做判断,没有确凿信息，不断定,体温计,已储备7～30天的物资
2020-01-26 10:10:42,"391","18~25",男,硕士及以上,大学生,四川省资阳市,病毒对老年人有严重的威胁，75%浓度酒精可以杀死病毒，病毒会进化，并且致死性越来越强,有小型聚会安排（5人以下）,父母已取消所有聚会安排,微信好友，微信朋友圈，公众号，电视新闻，微信群，微博,中立，不做判断,没有确凿信息，不断定,口罩,未储备
2020-01-26 07:53:03,"248","18~25",男,大学本科,大学生,山东省烟台市,病毒对老年人有严重的威胁，75%浓度酒精可以杀死病毒,有中型聚会安排（5～10人）,有聚会安排，父母会参与,微信好友，公众号，微信群，微博，抖音，微信朋友圈,较悲观，短期可能会更严重,没有确凿信息，不断定,口罩,已储备7天内的物资
2020-01-26 10:27:08,"408","18~25",男,大学本科,上班族/创业者,四川省遂宁市,病毒对老年人有严重的威胁，75%浓度酒精可以杀死病毒，病毒致死性很强，病毒会进化，并且致死性越来越强,有大型聚会安排（11及以上）,父母已取消所有聚会安排,微信好友，微信群，微博，抖音，电视新闻，微信朋友圈，公众号，其他,较乐观，短期会好转,没有任何物资短缺信息,口罩，抗生素，酒精,已储备7～30天的物资
2020-01-26 09:27:35,"338","26~30",女,高中/中专/技校,其他,浙江省温州市,目前抗病毒药物已经成功研发,已取消所有聚会安排,父母已取消所有聚会安排,公众号，微博，电视新闻,较乐观，短期会好转,没有确凿信息，不断定,口罩,未储备
2020-01-26 09:50:43,"365","18~25",女,大学本科,上班族/创业者,浙江省温州市,病毒对老年人有严重的威胁，75%浓度酒精可以杀死病毒，病毒会进化，并且致死性越来越强,已取消所有聚会安排,不清楚,微信好友，公众号，微信群，微信朋友圈，微博,较悲观，短期可能会更严重,没有确凿信息，不断定,口罩，酒精,已储备7天内的物资
2020-01-26 08:52:43,"289","18~25",女,大学本科,大学生,黑龙江省大庆市,病毒对老年人有严重的威胁，75%浓度酒精可以杀死病毒，病毒会进化，并且致死性越来越强,有大型聚会安排（11及以上）,有聚会安排，父母会参与,微博,中立，不做判断,没有确凿信息，不断定,口罩,已储备7天内的物资
2020-01-26 08:52:13,"288","18~25",女,大学本科,大学生,河北省邯郸市,病毒会进化，并且致死性越来越强,已取消所有聚会安排,父母已取消所有聚会安排,微博，电视新闻,非常乐观，很快会好转,没有确凿信息，不断定,口罩,已储备7天内的物资
2020-01-26 07:54:58,"249","26~30",女,大学本科,上班族/创业者,湖北省宜昌市,病毒对老年人有严重的威胁，病毒会进化，并且致死性越来越强,已取消所有聚会安排,父母已取消所有聚会安排,公众号，微信朋友圈，微博，电视新闻,较乐观，短期会好转,已有权威机构证实存在短缺,口罩，体温计,已储备7～30天的物资
2020-01-26 08:10:17,"260","31~40",女,大学本科,上班族/创业者,福建省宁德市,病毒对老年人有严重的威胁，75%浓度酒精可以杀死病毒，目前抗病毒药物已经成功研发，病毒致死性很强，病毒会进化，并且致死性越来越强,已取消所有聚会安排,父母已取消所有聚会安排,微信好友，微信群，微信朋友圈，微博，其他，公众号,中立，不做判断,已有权威机构证实存在短缺,口罩，酒精，体温计,已储备7天内的物资
2020-01-26 11:31:57,"467","18岁以下",女,大学本科,大学生,湖南省娄底市,病毒对老年人有严重的威胁，75%浓度酒精可以杀死病毒，病毒会进化，并且致死性越来越强,有中型聚会安排（5～10人）,有聚会安排，父母会参与,微信好友，公众号，微信群，微信朋友圈，其他,较悲观，短期可能会更严重,没有确凿信息，不断定,口罩，酒精，体温计，抗生素，抗病毒药物,未储备
2020-01-26 06:49:05,"229","41~50",女,大学本科,上班族/创业者,陕西省榆林市,病毒对老年人有严重的威胁，病毒会进化，并且致死性越来越强,已取消所有聚会安排,父母已取消所有聚会安排,微信群，微信朋友圈，微信好友，电视新闻,较乐观，短期会好转,没有确凿信息，不断定,口罩,已储备7天内的物资
2020-01-26 12:10:37,"485","26~30",女,硕士及以上,媒体工作者,江苏省南京市,病毒对老年人有严重的威胁，75%浓度酒精可以杀死病毒，病毒会进化，并且致死性越来越强,已取消所有聚会安排,有聚会安排，父母会参与,微信朋友圈，微博,较悲观，短期可能会更严重,没有确凿信息，不断定,口罩，体温计，酒精,已储备7天内的物资
2020-01-26 06:40:10,"228","26~30",女,硕士及以上,其他,海外其它,病毒对老年人有严重的威胁，病毒会进化，并且致死性越来越强,有小型聚会安排（5人以下）,有聚会安排，父母会参与,微信好友，公众号，微信群，微信朋友圈，微博，其他,中立，不做判断,没有确凿信息，不断定,口罩，体温计，抗生素,已储备7天内的物资
2020-01-26 10:31:31,"417","18~25",女,大学本科,上班族/创业者,上海市上海市,病毒对老年人有严重的威胁，75%浓度酒精可以杀死病毒，病毒会进化，并且致死性越来越强,已取消所有聚会安排,不清楚,微信好友，公众号，微信群，微信朋友圈，微博，抖音，电视新闻,中立，不做判断,没有确凿信息，不断定,口罩，体温计,已储备7天内的物资
2020-01-26 09:29:18,"342","18~25",不想透露,大学专科,大学生,山西省晋中市,病毒对老年人有严重的威胁，75%浓度酒精可以杀死病毒,已取消所有聚会安排,父母已取消所有聚会安排,公众号，微信群，微信好友，微信朋友圈，抖音，电视新闻,中立，不做判断,没有确凿信息，不断定,口罩，酒精，体温计,已储备7～30天的物资
2020-01-26 08:03:21,"253","18~25",男,大学本科,大学生,湖北省黄冈市,没有生病的人，不会传染病毒，病毒对老年人有严重的威胁，75%浓度酒精可以杀死病毒，病毒会进化，并且致死性越来越强,已取消所有聚会安排,不清楚,微信好友，公众号，微信朋友圈，微信群，微博,较悲观，短期可能会更严重,已有权威机构证实存在短缺,口罩,已储备7天内的物资
2020-01-26 09:04:23,"296","18~25",女,大学本科,大学生,江西省宜春市,感染病毒后会立即出现咳嗽、发烧的症状，病毒对老年人有严重的威胁,已取消所有聚会安排,父母已取消所有聚会安排,微信朋友圈，微博，电视新闻，微信好友,中立，不做判断,没有确凿信息，不断定,口罩，保健品,已储备7天内的物资
2020-01-26 09:16:05,"315","18~25",女,大学本科,大学生,黑龙江省哈尔滨市,病毒对老年人有严重的威胁,已取消所有聚会安排,父母已取消所有聚会安排,抖音，微信群，微博，公众号，电视新闻,中立，不做判断,没有任何物资短缺信息,口罩,已储备7天内的物资
2020-01-26 09:14:22,"313","41~50",不想透露,大学专科,医疗工作者,浙江省温州市,"75%浓度酒精可以杀死病毒",已取消所有聚会安排,父母已取消所有聚会安排,电视新闻，公众号,非常乐观，很快会好转,没有任何物资短缺信息,口罩，酒精，体温计，抗病毒药物，抗生素,已储备7～30天的物资
2020-01-26 09:37:38,"350","18~25",女,大学本科,大学生,湖北省襄阳市,病毒对老年人有严重的威胁，75%浓度酒精可以杀死病毒,已取消所有聚会安排,父母已取消所有聚会安排,公众号，微博,较乐观，短期会好转,已有权威机构证实存在短缺,口罩，体温计,已储备7天内的物资
2020-01-26 10:55:48,"444","26~30",男,大学本科,工人/蓝领,湖南省岳阳市,病毒会进化，并且致死性越来越强，病毒致死性很强，病毒对老年人有严重的威胁,已取消所有聚会安排,父母已取消所有聚会安排,微信好友，抖音，电视新闻，其他,较悲观，短期可能会更严重,没有确凿信息，不断定,口罩,未储备
2020-01-26 09:19:10,"321","18~25",女,大学本科,大学生,河北省衡水市,病毒对老年人有严重的威胁，病毒会进化，并且致死性越来越强,已取消所有聚会安排,父母已取消所有聚会安排,电视新闻，抖音，微博，微信朋友圈，微信好友,中立，不做判断,没有确凿信息，不断定,体温计,已储备7天内的物资
2020-01-26 10:31:03,"415","18~25",女,大学本科,大学生,广西壮族自治区河池市,病毒对老年人有严重的威胁，75%浓度酒精可以杀死病毒，病毒致死性很强,已取消所有聚会安排,父母已取消所有聚会安排,微博,较悲观，短期可能会更严重,已有权威机构证实存在短缺,体温计,已储备7天内的物资
2020-01-26 09:21:02,"326","26~30",男,硕士及以上,上班族/创业者,河南省济源市,病毒对老年人有严重的威胁，病毒致死性很强，病毒会进化，并且致死性越来越强,已取消所有聚会安排,父母已取消所有聚会安排,公众号，微信朋友圈，微信群,较乐观，短期会好转,没有确凿信息，不断定,口罩，体温计,已储备7～30天的物资
2020-01-26 11:23:11,"461","18~25",女,大学专科,大学生,山西省运城市,病毒会进化，并且致死性越来越强，病毒对老年人有严重的威胁，病毒致死性很强,已取消所有聚会安排,不清楚,微信好友，公众号，微信群，微信朋友圈，抖音，其他,中立，不做判断,没有确凿信息，不断定,口罩,已储备7～30天的物资
2020-01-26 09:05:43,"298","18~25",女,硕士及以上,上班族/创业者,海外其它,病毒对老年人有严重的威胁，病毒会进化，并且致死性越来越强,已取消所有聚会安排,不清楚,微博，微信朋友圈，微信群，公众号，微信好友，其他,中立，不做判断,没有任何物资短缺信息,口罩,已储备7天内的物资
2020-01-26 12:04:20,"482","18~25",女,大学本科,上班族/创业者,辽宁省大连市,病毒对老年人有严重的威胁，感染病毒后会立即出现咳嗽、发烧的症状，病毒致死性很强，病毒会进化，并且致死性越来越强,已取消所有聚会安排,父母已取消所有聚会安排,公众号，微信群，微信朋友圈，微博,中立，不做判断,没有确凿信息，不断定,口罩，体温计,已储备7～30天的物资
2020-01-26 10:19:52,"400","18~25",女,大学本科,大学生,江苏省扬州市,病毒对老年人有严重的威胁，病毒会进化，并且致死性越来越强，75%浓度酒精可以杀死病毒,有小型聚会安排（5人以下）,父母已取消所有聚会安排,微博，电视新闻，微信好友,中立，不做判断,没有确凿信息，不断定,口罩，护目镜，酒精，抗病毒药物,已储备7～30天的物资
2020-01-26 06:14:53,"223","18~25",女,大学本科,大学生,福建省南平市,没有生病的人，不会传染病毒，病毒对老年人有严重的威胁，75%浓度酒精可以杀死病毒，病毒会进化，并且致死性越来越强，病毒致死性很强,已取消所有聚会安排,父母已取消所有聚会安排,微信好友，微信朋友圈，微博，抖音，电视新闻,较悲观，短期可能会更严重,没有确凿信息，不断定,口罩,未储备
2020-01-26 11:10:20,"455","18~25",女,高中/中专/技校,上班族/创业者,湖北省黄冈市,感染病毒后会立即出现咳嗽、发烧的症状，病毒对老年人有严重的威胁，病毒致死性很强,有中型聚会安排（5～10人）,父母已取消所有聚会安排,微信好友，微博，微信朋友圈，抖音，电视新闻，公众号，微信群，其他,较悲观，短期可能会更严重,没有确凿信息，不断定,口罩,已储备7天内的物资
2020-01-26 11:33:37,"471","18~25",女,保密,其他,甘肃省天水市,病毒对老年人有严重的威胁，病毒会进化，并且致死性越来越强,已取消所有聚会安排,父母已取消所有聚会安排,微信好友，公众号，微信群，微信朋友圈，微博，电视新闻，其他,较悲观，短期可能会更严重,没有任何物资短缺信息,口罩，酒精，体温计，抗生素,已储备30天以上的物资
2020-01-26 08:22:04,"268","26~30",女,大学本科,上班族/创业者,福建省宁德市,病毒对老年人有严重的威胁，病毒会进化，并且致死性越来越强,有中型聚会安排（5～10人）,有聚会安排，父母会参与,微信朋友圈，微博,中立，不做判断,没有任何物资短缺信息,口罩,已储备7天内的物资
2020-01-26 07:49:00,"245","18~25",男,大学本科,上班族/创业者,广东省广州市,感染病毒后会立即出现咳嗽、发烧的症状，病毒对老年人有严重的威胁，病毒对幼儿几乎无威胁，病毒会进化，并且致死性越来越强,已取消所有聚会安排,不清楚,微信好友，公众号，微信群，微信朋友圈，微博，电视新闻,中立，不做判断,没有任何物资短缺信息,口罩,未储备
2020-01-26 08:16:56,"263","31~40",男,大学本科,上班族/创业者,广东省广州市,病毒对老年人有严重的威胁，75%浓度酒精可以杀死病毒，病毒会进化，并且致死性越来越强,已取消所有聚会安排,父母已取消所有聚会安排,微信好友，公众号，微信群，微信朋友圈，电视新闻，其他,较悲观，短期可能会更严重,没有确凿信息，不断定,口罩，酒精，体温计，抗病毒药物,已储备7天内的物资
2020-01-26 07:20:35,"233","41~50",女,高中/中专/技校,个体经营户,湖北省武汉市,病毒对老年人有严重的威胁，75%浓度酒精可以杀死病毒，病毒会进化，并且致死性越来越强,已取消所有聚会安排,父母已取消所有聚会安排,微信好友，电视新闻，微博，微信朋友圈，微信群,较乐观，短期会好转,已有权威机构证实存在短缺,口罩,已储备7天内的物资
2020-01-26 10:12:31,"393","18~25",女,大学专科,大学生,湖北省襄阳市,"75%浓度酒精可以杀死病毒，病毒会进化，并且致死性越来越强",有大型聚会安排（11及以上）,父母已取消所有聚会安排,微信好友，微信群，微博,较悲观，短期可能会更严重,没有确凿信息，不断定,口罩,已储备7～30天的物资
2020-01-26 12:21:28,"490","51~60",男,大学专科,上班族/创业者,江苏省南通市,病毒对老年人有严重的威胁,有中型聚会安排（5～10人）,有聚会安排，父母会参与,电视新闻，微信群，公众号，微信朋友圈,较乐观，短期会好转,没有确凿信息，不断定,口罩,未储备
2020-01-26 09:34:42,"346","18~25",女,硕士及以上,大学生,湖北省武汉市,"75%浓度酒精可以杀死病毒，病毒会进化，并且致死性越来越强，病毒对老年人有严重的威胁",已取消所有聚会安排,父母已取消所有聚会安排,微信好友，公众号，微信群，微信朋友圈，微博,非常悲观，会更严重，甚至进一步爆发,已有权威机构证实存在短缺,口罩，酒精，保健品,已储备7天内的物资
2020-01-26 09:39:07,"354","18~25",女,大学本科,大学生,江苏省淮安市,病毒会进化，并且致死性越来越强，病毒对老年人有严重的威胁，75%浓度酒精可以杀死病毒,已取消所有聚会安排,父母已取消所有聚会安排,微信好友，公众号，微信群，微信朋友圈，微博，抖音，电视新闻,中立，不做判断,没有确凿信息，不断定,口罩,已储备7～30天的物资
2020-01-26 09:39:28,"355","31~40",男,初中及以下,其他,山西省运城市,感染病毒后会立即出现咳嗽、发烧的症状，病毒对老年人有严重的威胁，病毒会进化，并且致死性越来越强,已取消所有聚会安排,父母已取消所有聚会安排,公众号,中立，不做判断,没有任何物资短缺信息,口罩,已储备7～30天的物资
2020-01-26 09:40:56,"358","18~25",女,硕士及以上,大学生,湖北省武汉市,病毒对老年人有严重的威胁，75%浓度酒精可以杀死病毒，病毒会进化，并且致死性越来越强,已取消所有聚会安排,父母已取消所有聚会安排,微信好友，微信群，微信朋友圈，微博，电视新闻,中立，不做判断,已有权威机构证实存在短缺,体温计,已储备7天内的物资
2020-01-26 09:56:28,"371","18~25",男,大学本科,上班族/创业者,广西壮族自治区北海市,病毒对老年人有严重的威胁，75%浓度酒精可以杀死病毒，病毒会进化，并且致死性越来越强,已取消所有聚会安排,父母已取消所有聚会安排,微信好友，微信群，微博，电视新闻，抖音,中立，不做判断,没有确凿信息，不断定,口罩，体温计，抗病毒药物,未储备
2020-01-26 08:23:07,"269","31~40",男,大学专科,个体经营户,安徽省宿州市,病毒对老年人有严重的威胁，75%浓度酒精可以杀死病毒，家里放白醋可以预防病毒，病毒会进化，并且致死性越来越强,已取消所有聚会安排,父母已取消所有聚会安排,电视新闻，微信好友，公众号,中立，不做判断,没有确凿信息，不断定,口罩,未储备
2020-01-26 08:30:01,"275","31~40",女,大学本科,其他,湖南省长沙市,病毒对老年人有严重的威胁，75%浓度酒精可以杀死病毒,已取消所有聚会安排,父母已取消所有聚会安排,电视新闻，公众号，其他,较乐观，短期会好转,没有确凿信息，不断定,口罩，体温计，保健品，抗生素，抗病毒药物，酒精,已储备7天内的物资
2020-01-26 08:28:13,"272","26~30",女,硕士及以上,公务人员,江苏省盐城市,病毒对老年人有严重的威胁，75%浓度酒精可以杀死病毒，病毒致死性很强，病毒会进化，并且致死性越来越强,已取消所有聚会安排,父母已取消所有聚会安排,公众号，微博，电视新闻，微信好友，微信朋友圈，微信群,中立，不做判断,没有确凿信息，不断定,口罩，酒精，保健品,未储备
2020-01-26 11:12:23,"456","18~25",女,大学本科,上班族/创业者,河北省石家庄市,没有生病的人，不会传染病毒，病毒对老年人有严重的威胁，病毒会进化，并且致死性越来越强,已取消所有聚会安排,父母已取消所有聚会安排,微博，微信朋友圈，电视新闻，微信好友,中立，不做判断,没有确凿信息，不断定,口罩，体温计,已储备7～30天的物资
2020-01-26 11:21:11,"460","18岁以下",男,高中/中专/技校,其他,陕西省安康市,没有生病的人，不会传染病毒，病毒对老年人有严重的威胁，75%浓度酒精可以杀死病毒,有中型聚会安排（5～10人）,有聚会安排，父母会参与,微信好友，微信群，微博，电视新闻,非常乐观，很快会好转,没有确凿信息，不断定,体温计,已储备30天以上的物资
2020-01-26 07:44:40,"244","18~25",男,大学本科,个体经营户,浙江省温州市,病毒对老年人有严重的威胁，75%浓度酒精可以杀死病毒，病毒会进化，并且致死性越来越强,已取消所有聚会安排,父母已取消所有聚会安排,微信好友，抖音，微博，微信朋友圈，微信群，其他,较乐观，短期会好转,没有确凿信息，不断定,口罩,已储备7天内的物资
2020-01-26 09:35:16,"347","31~40",男,硕士及以上,上班族/创业者,江苏省南京市,病毒致死性很强，病毒会进化，并且致死性越来越强，病毒对老年人有严重的威胁,有小型聚会安排（5人以下）,不清楚,微信好友，公众号，微信群，微信朋友圈,非常悲观，会更严重，甚至进一步爆发,已有权威机构证实存在短缺,口罩,未储备
2020-01-26 07:41:12,"241","18~25",女,大学专科,大学生,浙江省宁波市,感染病毒后会立即出现咳嗽、发烧的症状，病毒对老年人有严重的威胁，病毒致死性很强，病毒会进化，并且致死性越来越强,有中型聚会安排（5～10人）,有聚会安排，父母会参与,微博，抖音,中立，不做判断,没有确凿信息，不断定,口罩,未储备
2020-01-26 08:47:17,"283","18~25",女,大学本科,上班族/创业者,新疆维吾尔自治区阿勒泰地区,没有生病的人，不会传染病毒，病毒对老年人有严重的威胁，75%浓度酒精可以杀死病毒，病毒会进化，并且致死性越来越强,有小型聚会安排（5人以下）,有聚会安排，父母会参与,公众号，微信朋友圈，微博，电视新闻，抖音,较乐观，短期会好转,没有任何物资短缺信息,抗病毒药物,未储备
2020-01-26 10:39:30,"431","26~30",女,硕士及以上,上班族/创业者,浙江省温州市,病毒对老年人有严重的威胁，75%浓度酒精可以杀死病毒，病毒致死性很强，没有生病的人，不会传染病毒,有中型聚会安排（5～10人）,父母已取消所有聚会安排,公众号，微博，微信朋友圈，电视新闻，微信群,中立，不做判断,没有确凿信息，不断定,口罩，酒精,已储备7天内的物资
2020-01-26 09:16:30,"316","18~25",男,大学本科,大学生,安徽省合肥市,病毒对老年人有严重的威胁，病毒会进化，并且致死性越来越强，75%浓度酒精可以杀死病毒,已取消所有聚会安排,父母已取消所有聚会安排,微信朋友圈，微博，电视新闻，公众号,中立，不做判断,没有确凿信息，不断定,口罩，体温计，保健品,已储备7～30天的物资
2020-01-26 09:03:53,"295","18~25",女,大学专科,上班族/创业者,浙江省台州市,病毒会进化，并且致死性越来越强，感染病毒后会立即出现咳嗽、发烧的症状，病毒对老年人有严重的威胁,已取消所有聚会安排,有聚会安排，父母会参与,公众号，电视新闻，微博,中立，不做判断,没有确凿信息，不断定,口罩，酒精，体温计,已储备7天内的物资
2020-01-26 10:28:15,"410","18~25",女,大学本科,大学生,浙江省温州市,病毒对老年人有严重的威胁，感染病毒后会立即出现咳嗽、发烧的症状,已取消所有聚会安排,父母已取消所有聚会安排,微信好友，公众号，抖音，微博,非常乐观，很快会好转,没有确凿信息，不断定,口罩，酒精，体温计,已储备7天内的物资
2020-01-26 10:58:41,"447","18~25",女,硕士及以上,大学生,内蒙古自治区巴彦淖尔市,病毒对老年人有严重的威胁，75%浓度酒精可以杀死病毒，家里放白醋可以预防病毒，病毒致死性很强，病毒会进化，并且致死性越来越强,已取消所有聚会安排,父母已取消所有聚会安排,微信好友，公众号，微信群，微信朋友圈，微博，电视新闻,较乐观，短期会好转,没有确凿信息，不断定,口罩，酒精，抗病毒药物,已储备7天内的物资
2020-01-26 10:15:37,"397","18~25",女,大学专科,上班族/创业者,湖北省武汉市,病毒会进化，并且致死性越来越强，病毒对老年人有严重的威胁,已取消所有聚会安排,父母已取消所有聚会安排,微博，电视新闻，公众号,较悲观，短期可能会更严重,已有权威机构证实存在短缺,口罩，酒精,已储备7～30天的物资
2020-01-26 10:15:45,"398","18~25",女,大学专科,大学生,湖北省黄冈市,病毒对老年人有严重的威胁，感染病毒后会立即出现咳嗽、发烧的症状，病毒会进化，并且致死性越来越强,已取消所有聚会安排,父母已取消所有聚会安排,抖音，电视新闻，微博，微信朋友圈，微信群，微信好友,中立，不做判断,没有确凿信息，不断定,口罩，体温计，保健品,未储备
2020-01-26 05:52:32,"220","31~40",女,大学本科,上班族/创业者,江苏省无锡市,病毒对老年人有严重的威胁，75%浓度酒精可以杀死病毒,已取消所有聚会安排,父母已取消所有聚会安排,电视新闻，公众号，微信群，微信朋友圈，微信好友,中立，不做判断,没有确凿信息，不断定,口罩，酒精，体温计，抗病毒药物,已储备7天内的物资
2020-01-26 08:04:23,"255","26~30",男,高中/中专/技校,上班族/创业者,河南省信阳市,病毒对老年人有严重的威胁，病毒会进化，并且致死性越来越强,已取消所有聚会安排,父母已取消所有聚会安排,微信朋友圈，公众号，抖音，电视新闻，其他,中立，不做判断,没有确凿信息，不断定,体温计,已储备7～30天的物资
2020-01-26 04:05:31,"206","26~30",男,大学本科,上班族/创业者,上海市上海市,病毒对老年人有严重的威胁，75%浓度酒精可以杀死病毒,已取消所有聚会安排,不清楚,电视新闻,较悲观，短期可能会更严重,没有任何物资短缺信息,口罩，酒精，体温计，抗生素,未储备
2020-01-26 11:17:37,"459","18~25",女,大学本科,大学生,北京市北京市,病毒对老年人有严重的威胁，没有生病的人，不会传染病毒，75%浓度酒精可以杀死病毒,有中型聚会安排（5～10人）,父母已取消所有聚会安排,微信好友，微信群，微信朋友圈，其他,中立，不做判断,没有任何物资短缺信息,口罩,已储备7～30天的物资
2020-01-26 06:32:08,"225","26~30",男,硕士及以上,上班族/创业者,安徽省阜阳市,病毒对老年人有严重的威胁，病毒对幼儿几乎无威胁，家里放白醋可以预防病毒，病毒会进化，并且致死性越来越强,已取消所有聚会安排,有聚会安排，父母会参与,公众号，微信好友，微信群，微信朋友圈,中立，不做判断,没有确凿信息，不断定,口罩，酒精,已储备7～30天的物资
2020-01-26 11:48:24,"475","18~25",男,大学本科,上班族/创业者,广东省深圳市,"75%浓度酒精可以杀死病毒，病毒致死性很强，感染病毒后会立即出现咳嗽、发烧的症状，病毒对老年人有严重的威胁",有大型聚会安排（11及以上）,有聚会安排，父母会参与,微信好友，公众号，微信群，微博，电视新闻，微信朋友圈，其他,中立，不做判断,没有任何物资短缺信息,口罩，酒精,已储备7～30天的物资
2020-01-26 12:23:24,"491","18~25",女,大学本科,大学生,云南省文山壮族苗族自治州,病毒对老年人有严重的威胁，75%浓度酒精可以杀死病毒,已取消所有聚会安排,不清楚,微博，微信朋友圈，公众号，微信好友,中立，不做判断,没有确凿信息，不断定,体温计,未储备
2020-01-26 09:48:22,"363","18~25",女,硕士及以上,大学生,河南省新乡市,病毒对老年人有严重的威胁，75%浓度酒精可以杀死病毒，病毒会进化，并且致死性越来越强,已取消所有聚会安排,父母已取消所有聚会安排,微信好友，微博，电视新闻，微信群,中立，不做判断,没有确凿信息，不断定,口罩，护目镜，体温计，抗病毒药物,未储备
2020-01-26 09:09:24,"304","18~25",不想透露,大学专科,上班族/创业者,浙江省宁波市,病毒会进化，并且致死性越来越强，病毒对老年人有严重的威胁，75%浓度酒精可以杀死病毒,已取消所有聚会安排,父母已取消所有聚会安排,公众号，微信朋友圈，微博，其他,较悲观，短期可能会更严重,没有确凿信息，不断定,口罩,未储备
2020-01-26 07:40:19,"239","31~40",男,大学本科,媒体工作者,山东省临沂市,病毒对老年人有严重的威胁，75%浓度酒精可以杀死病毒，病毒会进化，并且致死性越来越强，没有生病的人，不会传染病毒,有中型聚会安排（5～10人）,有聚会安排，父母会参与,公众号，微信朋友圈，电视新闻，微博,较乐观，短期会好转,没有确凿信息，不断定,口罩，体温计,已储备7～30天的物资
2020-01-26 11:57:02,"478","31~40",男,大学本科,上班族/创业者,湖南省株洲市,"75%浓度酒精可以杀死病毒，病毒对老年人有严重的威胁",已取消所有聚会安排,不清楚,微信群，微信朋友圈,中立，不做判断,没有确凿信息，不断定,口罩，体温计,已储备7～30天的物资
2020-01-26 10:26:03,"406","18~25",女,大学专科,大学生,湖北省黄冈市,感染病毒后会立即出现咳嗽、发烧的症状，病毒对老年人有严重的威胁，病毒会进化，并且致死性越来越强，75%浓度酒精可以杀死病毒,已取消所有聚会安排,父母已取消所有聚会安排,微信好友，公众号，微信群，微信朋友圈，微博，抖音，电视新闻,较悲观，短期可能会更严重,已有权威机构证实存在短缺,口罩,已储备7天内的物资
2020-01-26 03:15:53,"197","18~25",男,大学本科,大学生,上海市上海市,病毒对老年人有严重的威胁,有大型聚会安排（11及以上）,有聚会安排，父母会参与,微信好友，微博，微信朋友圈,较悲观，短期可能会更严重,没有确凿信息，不断定,口罩，体温计,已储备7天内的物资
2020-01-26 10:37:47,"428","18~25",女,硕士及以上,大学生,湖北省黄冈市,病毒对老年人有严重的威胁，75%浓度酒精可以杀死病毒,已取消所有聚会安排,父母已取消所有聚会安排,微信好友，公众号，微信群，微信朋友圈，微博,较悲观，短期可能会更严重,已有权威机构证实存在短缺,口罩，酒精，体温计，抗生素,已储备7天内的物资
2020-01-26 10:40:30,"435","26~30",女,硕士及以上,医疗工作者,北京市北京市,"75%浓度酒精可以杀死病毒，病毒会进化，并且致死性越来越强",已取消所有聚会安排,父母已取消所有聚会安排,微信好友，微信朋友圈，微博,非常悲观，会更严重，甚至进一步爆发,没有确凿信息，不断定,体温计，酒精,未储备
2020-01-26 10:22:08,"401","18~25",女,大学本科,大学生,湖北省黄冈市,感染病毒后会立即出现咳嗽、发烧的症状，病毒对老年人有严重的威胁，75%浓度酒精可以杀死病毒，病毒致死性很强,已取消所有聚会安排,父母已取消所有聚会安排,微博，微信朋友圈，公众号,中立，不做判断,已有权威机构证实存在短缺,口罩，酒精，体温计,已储备7天内的物资
2020-01-26 10:39:42,"432","26~30",不想透露,大学本科,上班族/创业者,广东省广州市,病毒对老年人有严重的威胁，75%浓度酒精可以杀死病毒，病毒致死性很强，病毒会进化，并且致死性越来越强,有小型聚会安排（5人以下）,父母已取消所有聚会安排,微博，电视新闻,较乐观，短期会好转,没有确凿信息，不断定,口罩，酒精，体温计,未储备
2020-01-26 07:41:24,"242","31~40",女,大学专科,个体经营户,湖北省荆州市,病毒对老年人有严重的威胁，目前抗病毒药物已经成功研发,已取消所有聚会安排,父母已取消所有聚会安排,微信好友，公众号，微信群，微信朋友圈，电视新闻，抖音,非常乐观，很快会好转,已有权威机构证实存在短缺,口罩，体温计,已储备7天内的物资
2020-01-26 07:57:09,"251","31~40",女,大学专科,上班族/创业者,广东省深圳市,病毒对老年人有严重的威胁，75%浓度酒精可以杀死病毒，病毒会进化，并且致死性越来越强,已取消所有聚会安排,不清楚,微博，微信朋友圈，微信群，公众号,非常悲观，会更严重，甚至进一步爆发,没有确凿信息，不断定,口罩，体温计，酒精,已储备7天内的物资
2020-01-26 08:27:47,"271","26~30",男,大学本科,工人/蓝领,江苏省南通市,没有生病的人，不会传染病毒，病毒对老年人有严重的威胁，75%浓度酒精可以杀死病毒,有中型聚会安排（5～10人）,父母已取消所有聚会安排,微信好友，公众号，微信群，微信朋友圈，微博，电视新闻,非常悲观，会更严重，甚至进一步爆发,没有任何物资短缺信息,口罩，体温计,已储备7天内的物资
2020-01-26 10:31:40,"418","26~30",男,大学本科,上班族/创业者,湖南省长沙市,病毒对老年人有严重的威胁，家里放白醋可以预防病毒，病毒会进化，并且致死性越来越强,有小型聚会安排（5人以下）,父母已取消所有聚会安排,微信好友，公众号，微信朋友圈，微博，电视新闻,较悲观，短期可能会更严重,没有确凿信息，不断定,口罩,已储备30天以上的物资
2020-01-26 09:13:27,"311","51~60",男,大学专科,媒体工作者,湖北省荆州市,病毒对老年人有严重的威胁，感染病毒后会立即出现咳嗽、发烧的症状,已取消所有聚会安排,父母已取消所有聚会安排,其他,中立，不做判断,没有确凿信息，不断定,口罩，酒精，体温计,已储备30天以上的物资
2020-01-26 12:08:50,"484","18~25",女,大学本科,大学生,四川省广安市,病毒对老年人有严重的威胁，病毒会进化，并且致死性越来越强,已取消所有聚会安排,父母已取消所有聚会安排,微信群，电视新闻,中立，不做判断,没有确凿信息，不断定,口罩,已储备7天内的物资
2020-01-26 09:05:59,"299","18~25",男,大学专科,其他,四川省德阳市,病毒对老年人有严重的威胁，病毒会进化，并且致死性越来越强,有中型聚会安排（5～10人）,有聚会安排，父母会参与,公众号，其他,较悲观，短期可能会更严重,没有确凿信息，不断定,口罩，体温计,已储备30天以上的物资
2020-01-26 10:59:17,"448","18~25",女,大学本科,大学生,湖北省黄冈市,病毒对老年人有严重的威胁，75%浓度酒精可以杀死病毒，病毒会进化，并且致死性越来越强,已取消所有聚会安排,父母已取消所有聚会安排,微博，微信群，微信朋友圈，微信好友，公众号,中立，不做判断,已有权威机构证实存在短缺,口罩，酒精，体温计,已储备30天以上的物资
2020-01-26 10:14:50,"396","18~25",男,大学专科,上班族/创业者,四川省资阳市,病毒对老年人有严重的威胁，病毒对幼儿几乎无威胁，75%浓度酒精可以杀死病毒,有小型聚会安排（5人以下）,父母已取消所有聚会安排,电视新闻，微博，微信好友，微信朋友圈,中立，不做判断,没有确凿信息，不断定,口罩,已储备7～30天的物资
2020-01-26 09:53:16,"368","18~25",女,大学本科,上班族/创业者,湖北省荆州市,病毒对老年人有严重的威胁，病毒会进化，并且致死性越来越强,已取消所有聚会安排,父母已取消所有聚会安排,微信好友，公众号，微信群，微信朋友圈，微博，抖音，电视新闻,中立，不做判断,没有确凿信息，不断定,口罩,已储备7～30天的物资
2020-01-26 09:36:15,"349","26~30",男,硕士及以上,上班族/创业者,广东省珠海市,没有生病的人，不会传染病毒，病毒对老年人有严重的威胁，75%浓度酒精可以杀死病毒,已取消所有聚会安排,父母已取消所有聚会安排,微信好友，公众号，微信群，微信朋友圈，微博,非常乐观，很快会好转,没有确凿信息，不断定,口罩，酒精，体温计,未储备
2020-01-26 09:53:42,"370","41~50",女,高中/中专/技校,上班族/创业者,青海省西宁市,病毒对老年人有严重的威胁，75%浓度酒精可以杀死病毒，病毒致死性很强，病毒会进化，并且致死性越来越强,已取消所有聚会安排,父母已取消所有聚会安排,微信好友，公众号，微信群，电视新闻，微信朋友圈,非常乐观，很快会好转,没有确凿信息，不断定,口罩,已储备7天内的物资
2020-01-26 08:04:21,"254","18~25",不想透露,高中/中专/技校,大学生,浙江省宁波市,病毒会进化，并且致死性越来越强，病毒致死性很强，病毒对老年人有严重的威胁,已取消所有聚会安排,父母已取消所有聚会安排,微信好友，公众号，微信群，微信朋友圈，电视新闻,中立，不做判断,没有确凿信息，不断定,口罩，护目镜，体温计,已储备7天内的物资
2020-01-26 09:09:12,"303","26~30",男,大学本科,上班族/创业者,甘肃省天水市,病毒对老年人有严重的威胁，病毒致死性很强，病毒会进化，并且致死性越来越强,有小型聚会安排（5人以下）,不清楚,微博，微信好友,中立，不做判断,没有确凿信息，不断定,口罩,已储备7天内的物资
2020-01-26 08:47:08,"282","31~40",女,大学专科,个体经营户,湖北省武汉市,病毒对老年人有严重的威胁，75%浓度酒精可以杀死病毒，病毒会进化，并且致死性越来越强,已取消所有聚会安排,父母已取消所有聚会安排,公众号，微信群，电视新闻，微信朋友圈，微信好友,中立，不做判断,已有权威机构证实存在短缺,口罩,未储备
2020-01-26 09:51:53,"367","18~25",男,大学本科,大学生,四川省南充市,病毒对老年人有严重的威胁，75%浓度酒精可以杀死病毒,有中型聚会安排（5～10人）,有聚会安排，父母会参与,微博,中立，不做判断,没有确凿信息，不断定,口罩，体温计，酒精,未储备
2020-01-26 11:32:10,"468","18~25",女,大学本科,大学生,安徽省合肥市,病毒致死性很强，75%浓度酒精可以杀死病毒，病毒对老年人有严重的威胁,有大型聚会安排（11及以上）,有聚会安排，父母会参与,微信朋友圈，微博，公众号，微信好友，微信群，抖音,中立，不做判断,没有确凿信息，不断定,口罩,已储备30天以上的物资
2020-01-26 12:31:14,"492","18岁以下",女,初中及以下,大学生,广东省阳江市,病毒对老年人有严重的威胁，病毒对幼儿几乎无威胁，病毒致死性很强,已取消所有聚会安排,父母已取消所有聚会安排,电视新闻，微博，微信群，微信好友，其他,中立，不做判断,没有确凿信息，不断定,抗病毒药物,已储备7天内的物资
2020-01-26 12:19:45,"489","18~25",女,大学本科,大学生,陕西省西安市,病毒对老年人有严重的威胁，75%浓度酒精可以杀死病毒,已取消所有聚会安排,父母已取消所有聚会安排,公众号，微信朋友圈，微博，电视新闻,中立，不做判断,已有权威机构证实存在短缺,口罩，酒精,已储备7天内的物资
2020-01-26 11:24:11,"462","18~25",男,大学本科,大学生,湖北省咸宁市,病毒对老年人有严重的威胁，75%浓度酒精可以杀死病毒，病毒致死性很强，病毒会进化，并且致死性越来越强,已取消所有聚会安排,父母已取消所有聚会安排,微博，电视新闻，其他,较悲观，短期可能会更严重,没有确凿信息，不断定,酒精,已储备30天以上的物资
2020-01-26 08:07:27,"257","26~30",男,大学本科,上班族/创业者,河南省鹤壁市,病毒对老年人有严重的威胁，75%浓度酒精可以杀死病毒,有大型聚会安排（11及以上）,父母已取消所有聚会安排,微信好友，公众号，微信群，微信朋友圈，微博，抖音，电视新闻，其他,非常乐观，很快会好转,没有确凿信息，不断定,口罩,已储备7～30天的物资
2020-01-26 09:58:24,"373","18~25",女,大学专科,大学生,山西省长治市,病毒对老年人有严重的威胁，75%浓度酒精可以杀死病毒，家里放白醋可以预防病毒，病毒会进化，并且致死性越来越强,已取消所有聚会安排,父母已取消所有聚会安排,微信好友，微信朋友圈，微信群，电视新闻，其他,较乐观，短期会好转,没有确凿信息，不断定,酒精,已储备7天内的物资
2020-01-26 06:56:56,"230","18~25",女,大学本科,大学生,河北省邢台市,病毒对老年人有严重的威胁，75%浓度酒精可以杀死病毒，病毒会进化，并且致死性越来越强,有中型聚会安排（5～10人）,有聚会安排，父母会参与,微博，电视新闻,中立，不做判断,没有确凿信息，不断定,体温计,未储备
2020-01-26 10:30:17,"413","26~30",女,硕士及以上,上班族/创业者,北京市北京市,病毒对老年人有严重的威胁，75%浓度酒精可以杀死病毒,已取消所有聚会安排,父母已取消所有聚会安排,微信好友，公众号，微信群，微信朋友圈，微博，电视新闻,中立，不做判断,没有确凿信息，不断定,口罩，酒精,已储备7天内的物资
2020-01-26 10:00:27,"375","18~25",女,硕士及以上,医疗工作者,浙江省温州市,病毒对老年人有严重的威胁，75%浓度酒精可以杀死病毒，病毒会进化，并且致死性越来越强,已取消所有聚会安排,父母已取消所有聚会安排,微信好友，微博，微信群，电视新闻,较悲观，短期可能会更严重,没有确凿信息，不断定,口罩，酒精，体温计，抗病毒药物,已储备7天内的物资
2020-01-26 09:12:42,"309","26~30",男,大学专科,上班族/创业者,广东省揭阳市,病毒对老年人有严重的威胁，病毒会进化，并且致死性越来越强,有中型聚会安排（5～10人）,父母已取消所有聚会安排,微信群，微信朋友圈，公众号，微博，电视新闻,中立，不做判断,没有确凿信息，不断定,口罩,已储备7天内的物资
2020-01-26 09:51:32,"366","18~25",女,大学本科,大学生,安徽省滁州市,病毒对老年人有严重的威胁，75%浓度酒精可以杀死病毒，病毒致死性很强，病毒会进化，并且致死性越来越强,有中型聚会安排（5～10人）,有聚会安排，父母会参与,微信好友，微博，电视新闻，微信群，微信朋友圈,较悲观，短期可能会更严重,没有确凿信息，不断定,口罩，酒精,未储备
2020-01-26 11:08:38,"451","18~25",男,大学本科,大学生,湖南省株洲市,病毒会进化，并且致死性越来越强，感染病毒后会立即出现咳嗽、发烧的症状，病毒对老年人有严重的威胁,有中型聚会安排（5～10人）,有聚会安排，父母会参与,微信好友，公众号，微信朋友圈,中立，不做判断,没有确凿信息，不断定,体温计,已储备7天内的物资
2020-01-26 06:33:22,"226","18~25",女,大学本科,大学生,浙江省杭州市,"75%浓度酒精可以杀死病毒，病毒对老年人有严重的威胁，病毒会进化，并且致死性越来越强",已取消所有聚会安排,父母已取消所有聚会安排,微信群，微信朋友圈，公众号,非常悲观，会更严重，甚至进一步爆发,没有确凿信息，不断定,口罩，酒精，体温计,已储备7天内的物资
2020-01-26 09:19:29,"322","18~25",女,大学专科,大学生,山西省吕梁市,感染病毒后会立即出现咳嗽、发烧的症状，病毒对老年人有严重的威胁，75%浓度酒精可以杀死病毒，病毒致死性很强，病毒会进化，并且致死性越来越强,已取消所有聚会安排,父母已取消所有聚会安排,微信好友，微信群，微信朋友圈，抖音，公众号，电视新闻,中立，不做判断,没有确凿信息，不断定,口罩，酒精，体温计,已储备7～30天的物资
2020-01-26 08:37:43,"278","18~25",女,硕士及以上,上班族/创业者,山西省忻州市,"75%浓度酒精可以杀死病毒，病毒对老年人有严重的威胁",已取消所有聚会安排,父母已取消所有聚会安排,微信好友，公众号，微信朋友圈，电视新闻,较乐观，短期会好转,没有确凿信息，不断定,口罩，酒精，体温计,已储备7天内的物资
2020-01-26 11:27:48,"466","18岁以下",女,高中/中专/技校,其他,重庆市重庆市,病毒对老年人有严重的威胁，病毒会进化，并且致死性越来越强,已取消所有聚会安排,父母已取消所有聚会安排,微信好友，公众号，微信群，微信朋友圈，微博，抖音，电视新闻，其他,较悲观，短期可能会更严重,没有确凿信息，不断定,酒精,已储备7天内的物资
2020-01-26 07:33:39,"237","18~25",女,大学本科,大学生,河北省石家庄市,病毒对老年人有严重的威胁，感染病毒后会立即出现咳嗽、发烧的症状，病毒对幼儿几乎无威胁，病毒会进化，并且致死性越来越强,已取消所有聚会安排,有聚会安排，父母会参与,微博，抖音，电视新闻,较乐观，短期会好转,没有确凿信息，不断定,口罩,已储备7～30天的物资
2020-01-26 10:43:35,"437","18~25",女,硕士及以上,其他,浙江省杭州市,病毒对老年人有严重的威胁，75%浓度酒精可以杀死病毒,已取消所有聚会安排,父母已取消所有聚会安排,微信好友，公众号，微信朋友圈，微博，电视新闻,较悲观，短期可能会更严重,没有确凿信息，不断定,口罩,未储备
2020-01-26 09:38:07,"352","26~30",男,硕士及以上,上班族/创业者,湖南省长沙市,病毒对老年人有严重的威胁，病毒致死性很强，病毒会进化，并且致死性越来越强,有中型聚会安排（5～10人）,有聚会安排，父母会参与,微信好友，微信群，微信朋友圈，电视新闻,中立，不做判断,没有确凿信息，不断定,口罩，体温计,已储备7～30天的物资
2020-01-26 03:18:36,"198","18~25",女,硕士及以上,大学生,海外其它,病毒对老年人有严重的威胁，病毒会进化，并且致死性越来越强,有大型聚会安排（11及以上）,父母已取消所有聚会安排,微信朋友圈，微博，微信好友，电视新闻,非常悲观，会更严重，甚至进一步爆发,已有权威机构证实存在短缺,口罩，体温计，抗生素,已储备7天内的物资
2020-01-26 09:20:44,"323","26~30",女,硕士及以上,上班族/创业者,山西省大同市,"75%浓度酒精可以杀死病毒",已取消所有聚会安排,父母已取消所有聚会安排,公众号，微博，抖音，电视新闻,中立，不做判断,没有确凿信息，不断定,口罩，体温计，血氧仪，保健品,已储备7天内的物资
2020-01-26 10:02:32,"379","18~25",女,硕士及以上,大学生,湖南省永州市,病毒对老年人有严重的威胁，75%浓度酒精可以杀死病毒，病毒会进化，并且致死性越来越强,有大型聚会安排（11及以上）,有聚会安排，父母会参与,微博，电视新闻,中立，不做判断,没有确凿信息，不断定,酒精，体温计,未储备
2020-01-26 07:23:12,"234","18~25",女,大学本科,医疗工作者,重庆市重庆市,病毒对老年人有严重的威胁，75%浓度酒精可以杀死病毒，病毒会进化，并且致死性越来越强,有小型聚会安排（5人以下）,有聚会安排，父母会参与,公众号，微信朋友圈，微博，电视新闻，其他,较悲观，短期可能会更严重,没有确凿信息，不断定,口罩，体温计，酒精,未储备
2020-01-26 04:15:41,"208","18~25",女,大学专科,大学生,浙江省温州市,病毒会进化，并且致死性越来越强，病毒对老年人有严重的威胁，75%浓度酒精可以杀死病毒,已取消所有聚会安排,有聚会安排，父母会参与,微博，其他，电视新闻，公众号,中立，不做判断,没有确凿信息，不断定,口罩,已储备7天内的物资
2020-01-26 09:43:43,"360","18~25",女,大学本科,上班族/创业者,北京市北京市,病毒对老年人有严重的威胁，病毒会进化，并且致死性越来越强,已取消所有聚会安排,不清楚,微信好友，公众号，微信朋友圈，微信群，微博,中立，不做判断,没有确凿信息，不断定,抗病毒药物，体温计，抗生素,已储备7天内的物资
2020-01-26 08:50:21,"285","18~25",女,大学本科,大学生,江苏省苏州市,"75%浓度酒精可以杀死病毒，病毒会进化，并且致死性越来越强，病毒对老年人有严重的威胁",已取消所有聚会安排,父母已取消所有聚会安排,微信朋友圈，微博，电视新闻,中立，不做判断,没有确凿信息，不断定,口罩，体温计，保健品，酒精,已储备7天内的物资
2020-01-26 09:19:01,"320","18~25",女,高中/中专/技校,大学生,山西省太原市,感染病毒后会立即出现咳嗽、发烧的症状，75%浓度酒精可以杀死病毒，病毒致死性很强,已取消所有聚会安排,不清楚,抖音，公众号，微博，微信朋友圈,中立，不做判断,没有确凿信息，不断定,酒精,已储备7天内的物资
2020-01-26 06:34:37,"227","18~25",男,大学本科,大学生,安徽省六安市,病毒对老年人有严重的威胁,有大型聚会安排（11及以上）,有聚会安排，父母会参与,微信好友，公众号，电视新闻，微信朋友圈，微信群，其他,较乐观，短期会好转,已有权威机构证实存在短缺,体温计，酒精,已储备30天以上的物资
2020-01-26 10:09:14,"390","18~25",男,硕士及以上,大学生,湖南省娄底市,病毒对老年人有严重的威胁，病毒致死性很强,有小型聚会安排（5人以下）,父母已取消所有聚会安排,微信好友，微博,中立，不做判断,没有确凿信息，不断定,口罩,已储备7天内的物资
2020-01-26 09:13:08,"310","31~40",女,高中/中专/技校,上班族/创业者,安徽省安庆市,病毒对老年人有严重的威胁，病毒会进化，并且致死性越来越强,已取消所有聚会安排,不清楚,微信好友，抖音，电视新闻，其他,中立，不做判断,没有确凿信息，不断定,口罩,已储备7天内的物资
2020-01-26 10:23:23,"403","18~25",女,大学本科,大学生,广东省汕头市,"75%浓度酒精可以杀死病毒，病毒会进化，并且致死性越来越强",有小型聚会安排（5人以下）,有聚会安排，父母会参与,微博，公众号,中立，不做判断,没有确凿信息，不断定,体温计，口罩,未储备
2020-01-26 09:21:56,"329","18~25",男,硕士及以上,大学生,山西省吕梁市,病毒对老年人有严重的威胁，75%浓度酒精可以杀死病毒,有中型聚会安排（5～10人）,父母已取消所有聚会安排,微信好友，公众号，微信群，微信朋友圈，电视新闻,中立，不做判断,没有确凿信息，不断定,口罩，抗病毒药物,已储备7天内的物资
2020-01-26 10:38:06,"429","18~25",不想透露,保密,大学生,湖北省荆州市,病毒对老年人有严重的威胁，75%浓度酒精可以杀死病毒，病毒会进化，并且致死性越来越强,有小型聚会安排（5人以下）,父母已取消所有聚会安排,微信好友，公众号，微信群，微信朋友圈，微博，电视新闻,较悲观，短期可能会更严重,已有权威机构证实存在短缺,口罩,已储备7～30天的物资
2020-01-26 11:52:36,"477","18~25",女,大学本科,大学生,贵州省遵义市,病毒对老年人有严重的威胁，75%浓度酒精可以杀死病毒，病毒致死性很强,有小型聚会安排（5人以下）,父母已取消所有聚会安排,微信朋友圈，微信好友，公众号，微信群,中立，不做判断,没有确凿信息，不断定,体温计，口罩,未储备
2020-01-26 12:19:18,"488","26~30",男,硕士及以上,上班族/创业者,上海市上海市,病毒对老年人有严重的威胁，病毒致死性很强,已取消所有聚会安排,父母已取消所有聚会安排,其他，微信群,中立，不做判断,没有确凿信息，不断定,口罩,未储备
2020-01-26 11:26:59,"465","26~30",女,大学本科,上班族/创业者,海南省定安县,"75%浓度酒精可以杀死病毒，病毒对老年人有严重的威胁，感染病毒后会立即出现咳嗽、发烧的症状",已取消所有聚会安排,有聚会安排，父母会参与,微信朋友圈，公众号，微信群,较悲观，短期可能会更严重,没有确凿信息，不断定,抗病毒药物，口罩,已储备7天内的物资
2020-01-26 10:26:23,"407","18~25",女,大学本科,大学生,湖北省黄冈市,病毒对老年人有严重的威胁,已取消所有聚会安排,父母已取消所有聚会安排,微信好友，电视新闻，公众号,中立，不做判断,已有权威机构证实存在短缺,体温计,已储备7天内的物资
2020-01-26 10:12:30,"392","18~25",女,大学本科,大学生,湖北省荆州市,病毒对老年人有严重的威胁，目前抗病毒药物已经成功研发，75%浓度酒精可以杀死病毒,已取消所有聚会安排,父母已取消所有聚会安排,微信朋友圈，微博，电视新闻，微信好友,中立，不做判断,没有确凿信息，不断定,口罩，体温计,已储备7天内的物资
2020-01-26 10:01:52,"376","18~25",女,硕士及以上,大学生,河北省石家庄市,病毒对老年人有严重的威胁，75%浓度酒精可以杀死病毒,有中型聚会安排（5～10人）,有聚会安排，父母会参与,微信好友，公众号，微信群，微信朋友圈，电视新闻,中立，不做判断,没有确凿信息，不断定,口罩，护目镜，体温计,已储备7天内的物资
2020-01-26 08:09:06,"258","26~30",男,大学本科,工人/蓝领,浙江省温州市,病毒对老年人有严重的威胁，75%浓度酒精可以杀死病毒，病毒致死性很强，病毒会进化，并且致死性越来越强,有小型聚会安排（5人以下）,父母已取消所有聚会安排,电视新闻，微博，微信群,中立，不做判断,没有确凿信息，不断定,口罩,未储备
2020-01-26 10:03:04,"380","18~25",男,大学专科,上班族/创业者,江西省赣州市,"75%浓度酒精可以杀死病毒，病毒会进化，并且致死性越来越强，病毒对老年人有严重的威胁",有中型聚会安排（5～10人）,有聚会安排，父母会参与,微信朋友圈，抖音，公众号，微信群,中立，不做判断,没有确凿信息，不断定,口罩,未储备
2020-01-26 09:31:48,"343","18~25",男,硕士及以上,大学生,海外其它,病毒对老年人有严重的威胁，75%浓度酒精可以杀死病毒,已取消所有聚会安排,父母已取消所有聚会安排,微信好友，微信群，公众号，微信朋友圈，微博,较悲观，短期可能会更严重,已有权威机构证实存在短缺,口罩，酒精,已储备7～30天的物资
2020-01-26 09:04:44,"297","26~30",男,高中/中专/技校,上班族/创业者,浙江省温州市,病毒对老年人有严重的威胁，病毒致死性很强，病毒会进化，并且致死性越来越强,已取消所有聚会安排,父母已取消所有聚会安排,微信好友，微博，电视新闻，抖音,较悲观，短期可能会更严重,没有确凿信息，不断定,体温计，口罩，抗生素,已储备7天内的物资
2020-01-26 03:20:03,"199","26~30",女,大学本科,上班族/创业者,上海市上海市,病毒对老年人有严重的威胁，75%浓度酒精可以杀死病毒,有小型聚会安排（5人以下）,父母已取消所有聚会安排,微信好友，公众号，微信朋友圈，其他,较悲观，短期可能会更严重,没有任何物资短缺信息,口罩，酒精，体温计，保健品,已储备7～30天的物资
2020-01-26 07:40:29,"240","18~25",男,硕士及以上,大学生,湖北省宜昌市,病毒对老年人有严重的威胁，75%浓度酒精可以杀死病毒,已取消所有聚会安排,父母已取消所有聚会安排,公众号，微信群，电视新闻，其他,较悲观，短期可能会更严重,已有权威机构证实存在短缺,口罩，体温计,已储备7～30天的物资
2020-01-26 09:25:48,"335","18~25",男,大学本科,上班族/创业者,四川省资阳市,病毒对老年人有严重的威胁，75%浓度酒精可以杀死病毒,已取消所有聚会安排,父母已取消所有聚会安排,微信好友，公众号，微信群，微信朋友圈，电视新闻,较悲观，短期可能会更严重,没有任何物资短缺信息,口罩,已储备30天以上的物资
2020-01-26 09:53:40,"369","18~25",男,大学专科,大学生,山西省临汾市,"75%浓度酒精可以杀死病毒，病毒致死性很强，病毒会进化，并且致死性越来越强",有中型聚会安排（5～10人）,有聚会安排，父母会参与,抖音，电视新闻,中立，不做判断,没有确凿信息，不断定,酒精，体温计,未储备
2020-01-26 10:36:37,"426","18~25",女,大学本科,大学生,湖北省黄冈市,病毒对老年人有严重的威胁，75%浓度酒精可以杀死病毒，病毒致死性很强,已取消所有聚会安排,父母已取消所有聚会安排,微信好友，微信朋友圈，微博，抖音，电视新闻，公众号，微信群,中立，不做判断,已有权威机构证实存在短缺,口罩,已储备7～30天的物资
2020-01-26 09:21:47,"328","26~30",女,大学本科,上班族/创业者,浙江省杭州市,病毒对老年人有严重的威胁,已取消所有聚会安排,有聚会安排，父母会参与,微信好友，微博，电视新闻,较乐观，短期会好转,没有确凿信息，不断定,口罩，酒精，体温计,已储备7天内的物资
2020-01-26 10:45:18,"440","18~25",女,大学本科,大学生,浙江省温州市,病毒对老年人有严重的威胁，75%浓度酒精可以杀死病毒，病毒会进化，并且致死性越来越强,已取消所有聚会安排,父母已取消所有聚会安排,微信好友，微博，电视新闻，公众号，微信群，微信朋友圈,较悲观，短期可能会更严重,没有确凿信息，不断定,口罩,已储备7天内的物资
2020-01-26 10:52:34,"443","18~25",男,大学本科,大学生,湖北省十堰市,病毒对老年人有严重的威胁，75%浓度酒精可以杀死病毒,已取消所有聚会安排,父母已取消所有聚会安排,微博，电视新闻，抖音，微信朋友圈,中立，不做判断,已有权威机构证实存在短缺,体温计,未储备
2020-01-26 10:34:41,"424","26~30",男,大学本科,上班族/创业者,重庆市重庆市,病毒对老年人有严重的威胁，75%浓度酒精可以杀死病毒，病毒会进化，并且致死性越来越强,已取消所有聚会安排,父母已取消所有聚会安排,微信好友，公众号，微信群，微信朋友圈，微博，抖音，电视新闻,较悲观，短期可能会更严重,没有确凿信息，不断定,口罩,已储备7～30天的物资
2020-01-26 11:08:51,"452","18~25",男,大学专科,上班族/创业者,贵州省黔南布依族苗族自治州,病毒对老年人有严重的威胁，病毒对幼儿几乎无威胁，病毒会进化，并且致死性越来越强,已取消所有聚会安排,父母已取消所有聚会安排,微信好友，公众号，抖音,较乐观，短期会好转,没有确凿信息，不断定,口罩，酒精,未储备
2020-01-26 11:16:51,"457","31~40",男,高中/中专/技校,其他,湖南省娄底市,病毒对老年人有严重的威胁，病毒致死性很强，病毒会进化，并且致死性越来越强,已取消所有聚会安排,父母已取消所有聚会安排,微信好友，公众号，微信群，抖音，微信朋友圈，电视新闻,非常乐观，很快会好转,没有确凿信息，不断定,酒精,已储备7～30天的物资
2020-01-26 09:17:08,"318","26~30",女,大学本科,上班族/创业者,甘肃省天水市,病毒对老年人有严重的威胁，75%浓度酒精可以杀死病毒，病毒会进化，并且致死性越来越强,有小型聚会安排（5人以下）,不清楚,微信好友，公众号，微信群，微信朋友圈，微博，抖音，电视新闻，其他,中立，不做判断,没有确凿信息，不断定,口罩，体温计，抗病毒药物，抗生素,已储备7天内的物资
2020-01-26 08:34:04,"277","18~25",女,大学本科,大学生,山东省烟台市,病毒对老年人有严重的威胁，75%浓度酒精可以杀死病毒，病毒会进化，并且致死性越来越强,已取消所有聚会安排,父母已取消所有聚会安排,微博,非常悲观，会更严重，甚至进一步爆发,没有确凿信息，不断定,口罩，酒精，体温计，保健品,已储备30天以上的物资
2020-01-26 03:46:16,"202","26~30",男,硕士及以上,大学生,江苏省南通市,病毒对老年人有严重的威胁，75%浓度酒精可以杀死病毒，病毒会进化，并且致死性越来越强,有小型聚会安排（5人以下）,不清楚,微信好友，微信群，微信朋友圈，其他,较乐观，短期会好转,没有确凿信息，不断定,体温计，抗生素,已储备7～30天的物资
2020-01-26 10:33:56,"422","18~25",女,大学本科,大学生,湖北省襄阳市,病毒对老年人有严重的威胁，病毒致死性很强，病毒会进化，并且致死性越来越强,有中型聚会安排（5～10人）,父母已取消所有聚会安排,微博，微信群，微信好友，微信朋友圈,较悲观，短期可能会更严重,已有权威机构证实存在短缺,口罩,已储备7～30天的物资
2020-01-26 11:36:03,"472","18~25",男,大学本科,上班族/创业者,河南省郑州市,病毒会进化，并且致死性越来越强，病毒对老年人有严重的威胁,已取消所有聚会安排,父母已取消所有聚会安排,微信朋友圈，公众号，微博，电视新闻,较悲观，短期可能会更严重,没有任何物资短缺信息,口罩,已储备7天内的物资
2020-01-26 10:27:42,"409","18~25",女,大学本科,上班族/创业者,河南省信阳市,病毒对老年人有严重的威胁，75%浓度酒精可以杀死病毒,已取消所有聚会安排,父母已取消所有聚会安排,公众号，微博，抖音，电视新闻,中立，不做判断,没有确凿信息，不断定,口罩，体温计,已储备7天内的物资
2020-01-26 09:18:39,"319","18~25",女,大学专科,大学生,山西省晋中市,病毒对老年人有严重的威胁，75%浓度酒精可以杀死病毒，病毒会进化，并且致死性越来越强,已取消所有聚会安排,父母已取消所有聚会安排,公众号，抖音，电视新闻,较乐观，短期会好转,没有确凿信息，不断定,体温计,已储备7天内的物资
2020-01-26 11:51:20,"476","51~60",女,高中/中专/技校,上班族/创业者,湖北省黄冈市,病毒对老年人有严重的威胁，75%浓度酒精可以杀死病毒,已取消所有聚会安排,父母已取消所有聚会安排,微信好友，微信群，微信朋友圈，微博,中立，不做判断,已有权威机构证实存在短缺,口罩,已储备7天内的物资
2020-01-25 23:31:47,"52","18~25",男,大学本科,大学生,山东省淄博市,病毒对老年人有严重的威胁，病毒会进化，并且致死性越来越强,已取消所有聚会安排,父母已取消所有聚会安排,微信好友，微信群，微信朋友圈，微博，电视新闻,中立，不做判断,没有任何物资短缺信息,口罩，抗病毒药物,已储备7天内的物资
2020-01-25 23:46:57,"90","18~25",男,大学本科,其他,湖南省益阳市,病毒对老年人有严重的威胁，病毒对幼儿几乎无威胁，75%浓度酒精可以杀死病毒，病毒会进化，并且致死性越来越强,已取消所有聚会安排,父母已取消所有聚会安排,公众号，抖音，其他,较悲观，短期可能会更严重,没有确凿信息，不断定,口罩,已储备7天内的物资
2020-01-26 00:49:45,"158","18~25",不想透露,保密,大学生,山西省晋城市,病毒对老年人有严重的威胁，75%浓度酒精可以杀死病毒，病毒致死性很强,已取消所有聚会安排,父母已取消所有聚会安排,公众号，微信群，微信朋友圈，微博，电视新闻，微信好友,非常悲观，会更严重，甚至进一步爆发,没有确凿信息，不断定,体温计,未储备
2020-01-25 23:21:27,"26","31~40",女,硕士及以上,医疗工作者,湖北省武汉市,病毒对老年人有严重的威胁，75%浓度酒精可以杀死病毒，病毒会进化，并且致死性越来越强,已取消所有聚会安排,父母已取消所有聚会安排,微信好友，电视新闻，微信群，微信朋友圈,较悲观，短期可能会更严重,已有权威机构证实存在短缺,口罩，酒精，体温计，保健品，抗生素，抗病毒药物,已储备7～30天的物资
2020-01-26 00:54:45,"161","18~25",男,高中/中专/技校,个体经营户,广东省汕头市,病毒对老年人有严重的威胁，75%浓度酒精可以杀死病毒，病毒致死性很强，病毒会进化，并且致死性越来越强,有中型聚会安排（5～10人）,有聚会安排，父母会参与,微信好友，公众号，微信群，微博，微信朋友圈，电视新闻，其他,非常悲观，会更严重，甚至进一步爆发,没有任何物资短缺信息,口罩，酒精，体温计,已储备7天内的物资
2020-01-26 02:16:49,"183","26~30",男,大学专科,个体经营户,河南省濮阳市,病毒对老年人有严重的威胁,有大型聚会安排（11及以上）,父母已取消所有聚会安排,公众号，微信群，其他,较悲观，短期可能会更严重,没有确凿信息，不断定,口罩，体温计，抗生素,已储备30天以上的物资
2020-01-25 23:30:11,"51","18~25",女,大学本科,医疗工作者,湖北省孝感市,病毒对老年人有严重的威胁，75%浓度酒精可以杀死病毒，病毒会进化，并且致死性越来越强，病毒致死性很强,已取消所有聚会安排,父母已取消所有聚会安排,微博，微信好友,非常悲观，会更严重，甚至进一步爆发,已有权威机构证实存在短缺,口罩，酒精,已储备7～30天的物资
2020-01-25 23:59:39,"118","31~40",女,硕士及以上,其他,浙江省杭州市,病毒对老年人有严重的威胁，75%浓度酒精可以杀死病毒，病毒会进化，并且致死性越来越强,已取消所有聚会安排,父母已取消所有聚会安排,微信好友，公众号，微信群，微信朋友圈，微博,较悲观，短期可能会更严重,没有确凿信息，不断定,口罩，体温计,已储备7天内的物资
2020-01-25 23:39:24,"69","18~25",男,大学本科,大学生,广东省肇庆市,病毒对老年人有严重的威胁，75%浓度酒精可以杀死病毒，家里放白醋可以预防病毒,有小型聚会安排（5人以下）,父母已取消所有聚会安排,微信好友，公众号，微信群，微信朋友圈，微博,中立，不做判断,没有任何物资短缺信息,口罩,未储备
2020-01-25 23:52:34,"109","18~25",女,大学本科,大学生,云南省怒江傈僳族自治州,病毒对老年人有严重的威胁，病毒对幼儿几乎无威胁，75%浓度酒精可以杀死病毒，病毒会进化，并且致死性越来越强,有中型聚会安排（5～10人）,有聚会安排，父母会参与,微博，微信朋友圈,较悲观，短期可能会更严重,没有确凿信息，不断定,口罩,已储备7天内的物资
2020-01-26 02:46:18,"191","41~50",男,高中/中专/技校,公务人员,湖北省荆州市,病毒对老年人有严重的威胁，75%浓度酒精可以杀死病毒，病毒会进化，并且致死性越来越强，病毒致死性很强,已取消所有聚会安排,父母已取消所有聚会安排,电视新闻，公众号，微博,较悲观，短期可能会更严重,没有确凿信息，不断定,口罩，体温计,已储备7～30天的物资
2020-01-25 23:52:58,"110","18~25",女,大学本科,上班族/创业者,湖北省十堰市,病毒对老年人有严重的威胁，75%浓度酒精可以杀死病毒，病毒会进化，并且致死性越来越强,已取消所有聚会安排,父母已取消所有聚会安排,电视新闻，微博,非常悲观，会更严重，甚至进一步爆发,已有权威机构证实存在短缺,酒精，口罩,已储备30天以上的物资
2020-01-25 23:47:33,"94","26~30",男,硕士及以上,大学生,湖北省襄阳市,病毒对老年人有严重的威胁，75%浓度酒精可以杀死病毒，病毒会进化，并且致死性越来越强，病毒致死性很强,已取消所有聚会安排,父母已取消所有聚会安排,微信好友，微信群，微博,较悲观，短期可能会更严重,已有权威机构证实存在短缺,口罩,已储备7～30天的物资
2020-01-25 23:11:29,"2","26~30",男,大学本科,上班族/创业者,湖北省武汉市,"75%浓度酒精可以杀死病毒，病毒对老年人有严重的威胁",已取消所有聚会安排,父母已取消所有聚会安排,微信好友，微信群，微信朋友圈,非常悲观，会更严重，甚至进一步爆发,已有权威机构证实存在短缺,口罩,已储备7～30天的物资
2020-01-25 23:36:22,"60","26~30",女,大学本科,上班族/创业者,安徽省宣城市,病毒对老年人有严重的威胁，75%浓度酒精可以杀死病毒，病毒致死性很强，病毒会进化，并且致死性越来越强,有中型聚会安排（5～10人）,父母已取消所有聚会安排,微信好友，公众号，微信群，微信朋友圈，微博，抖音，电视新闻,"",没有确凿信息，不断定,保健品,未储备
2020-01-26 02:00:51,"182","26~30",男,大学专科,医疗工作者,河北省邯郸市,没有生病的人，不会传染病毒，病毒对老年人有严重的威胁，75%浓度酒精可以杀死病毒，病毒会进化，并且致死性越来越强,已取消所有聚会安排,父母已取消所有聚会安排,微信好友，其他，微博，微信群，公众号，微信朋友圈,较悲观，短期可能会更严重,没有任何物资短缺信息,口罩，酒精，体温计,已储备7天内的物资
2020-01-25 23:33:47,"55","26~30",男,硕士及以上,上班族/创业者,黑龙江省哈尔滨市,没有生病的人，不会传染病毒，病毒对老年人有严重的威胁，病毒会进化，并且致死性越来越强,已取消所有聚会安排,父母已取消所有聚会安排,微信好友，公众号，微信群，微信朋友圈，抖音，电视新闻，其他,中立，不做判断,没有确凿信息，不断定,口罩,未储备
2020-01-25 23:17:16,"14","18~25",女,大学本科,上班族/创业者,湖北省恩施土家族苗族自治州,病毒对老年人有严重的威胁，75%浓度酒精可以杀死病毒,已取消所有聚会安排,父母已取消所有聚会安排,微信好友，微信群，微信朋友圈，微博,较悲观，短期可能会更严重,已有权威机构证实存在短缺,口罩，体温计，酒精,已储备30天以上的物资
2020-01-25 23:40:00,"71","18~25",男,硕士及以上,大学生,重庆市重庆市,病毒对老年人有严重的威胁，75%浓度酒精可以杀死病毒，病毒会进化，并且致死性越来越强,有大型聚会安排（11及以上）,有聚会安排，父母会参与,公众号，微信朋友圈，微博，其他,中立，不做判断,没有确凿信息，不断定,口罩，抗病毒药物,未储备
2020-01-25 23:49:38,"99","31~40",女,硕士及以上,公务人员,江苏省无锡市,病毒对老年人有严重的威胁，病毒会进化，并且致死性越来越强,有大型聚会安排（11及以上）,有聚会安排，父母会参与,微信好友，公众号，微信群，微信朋友圈，微博，电视新闻,中立，不做判断,没有确凿信息，不断定,口罩，保健品，体温计,未储备
2020-01-25 23:18:40,"18","26~30",女,大学本科,上班族/创业者,广西壮族自治区贺州市,病毒会进化，并且致死性越来越强,已取消所有聚会安排,父母已取消所有聚会安排,微信好友，电视新闻，微信朋友圈，微博,中立，不做判断,没有任何物资短缺信息,口罩，体温计，酒精,已储备7天内的物资
2020-01-26 00:42:32,"154","26~30",女,大学本科,其他,海南省海口市,"75%浓度酒精可以杀死病毒，病毒对幼儿几乎无威胁，病毒对老年人有严重的威胁",已取消所有聚会安排,父母已取消所有聚会安排,微信好友，公众号，微信群，微信朋友圈，微博，电视新闻，其他,较悲观，短期可能会更严重,没有确凿信息，不断定,口罩，体温计,已储备7天内的物资
2020-01-25 23:50:50,"107","31~40",女,硕士及以上,上班族/创业者,四川省成都市,没有生病的人，不会传染病毒，病毒对老年人有严重的威胁，75%浓度酒精可以杀死病毒,有大型聚会安排（11及以上）,父母已取消所有聚会安排,微信朋友圈，微信好友，微博，公众号，电视新闻，微信群,"",没有任何物资短缺信息,口罩，体温计，抗病毒药物,已储备7～30天的物资
2020-01-26 00:17:32,"140","26~30",男,大学本科,上班族/创业者,湖北省孝感市,病毒对老年人有严重的威胁，75%浓度酒精可以杀死病毒,已取消所有聚会安排,父母已取消所有聚会安排,微博，电视新闻，微信朋友圈，微信群，公众号，微信好友,中立，不做判断,已有权威机构证实存在短缺,口罩，体温计,已储备7天内的物资
2020-01-25 23:37:29,"64","18~25",女,高中/中专/技校,上班族/创业者,湖北省随州市,病毒对老年人有严重的威胁，感染病毒后会立即出现咳嗽、发烧的症状，病毒致死性很强,有小型聚会安排（5人以下）,父母已取消所有聚会安排,微信好友，微信群，微信朋友圈，微博，抖音,非常悲观，会更严重，甚至进一步爆发,已有权威机构证实存在短缺,体温计,已储备30天以上的物资
2020-01-25 23:46:36,"88","41~50",男,大学本科,上班族/创业者,上海市上海市,病毒对老年人有严重的威胁,已取消所有聚会安排,父母已取消所有聚会安排,公众号，微博，微信朋友圈，电视新闻，其他,"",没有确凿信息，不断定,口罩，酒精，体温计,未储备
2020-01-26 00:05:19,"127","18~25",女,大学本科,大学生,江西省抚州市,病毒对老年人有严重的威胁，75%浓度酒精可以杀死病毒，病毒会进化，并且致死性越来越强,已取消所有聚会安排,父母已取消所有聚会安排,微信好友，微博，公众号,较悲观，短期可能会更严重,没有确凿信息，不断定,口罩，酒精,未储备
2020-01-25 23:27:31,"42","18~25",女,大学本科,大学生,广东省广州市,病毒对老年人有严重的威胁，75%浓度酒精可以杀死病毒，病毒会进化，并且致死性越来越强,已取消所有聚会安排,父母已取消所有聚会安排,微信好友，微信群，微信朋友圈，微博,非常悲观，会更严重，甚至进一步爆发,已有权威机构证实存在短缺,口罩，酒精,已储备7天内的物资
2020-01-26 00:55:20,"162","18~25",女,大学本科,上班族/创业者,浙江省宁波市,病毒对老年人有严重的威胁，75%浓度酒精可以杀死病毒，病毒会进化，并且致死性越来越强,有大型聚会安排（11及以上）,有聚会安排，父母会参与,微信好友，公众号，微博，微信朋友圈,较悲观，短期可能会更严重,没有确凿信息，不断定,保健品,未储备
2020-01-25 23:23:25,"35","26~30",男,硕士及以上,上班族/创业者,安徽省六安市,病毒对老年人有严重的威胁，病毒会进化，并且致死性越来越强,有大型聚会安排（11及以上）,父母已取消所有聚会安排,微信好友，微信群，微信朋友圈，微博，电视新闻，其他,较悲观，短期可能会更严重,没有确凿信息，不断定,口罩，体温计,已储备7～30天的物资
2020-01-25 23:14:38,"8","26~30",女,大学本科,上班族/创业者,广西壮族自治区钦州市,病毒对老年人有严重的威胁，病毒致死性很强，病毒会进化，并且致死性越来越强,有小型聚会安排（5人以下）,父母已取消所有聚会安排,微信朋友圈，微信群，微博，抖音，电视新闻，其他，微信好友,较悲观，短期可能会更严重,没有确凿信息，不断定,口罩，体温计，酒精,未储备
2020-01-25 23:24:40,"38","18~25",男,大学本科,上班族/创业者,湖北省孝感市,病毒对老年人有严重的威胁，75%浓度酒精可以杀死病毒，病毒对幼儿几乎无威胁,已取消所有聚会安排,父母已取消所有聚会安排,微信群，微信好友，微信朋友圈，微博，抖音,中立，不做判断,已有权威机构证实存在短缺,口罩,已储备7～30天的物资
2020-01-26 02:38:28,"189","26~30",女,大学本科,公务人员,湖南省湘西土家族苗族自治州,病毒对老年人有严重的威胁，病毒致死性很强,有小型聚会安排（5人以下）,父母已取消所有聚会安排,微信群，微信好友，公众号，微信朋友圈，微博，抖音，电视新闻，其他,中立，不做判断,已有权威机构证实存在短缺,口罩，酒精，体温计，抗病毒药物,已储备7～30天的物资
2020-01-26 00:33:46,"147","26~30",女,大学本科,上班族/创业者,黑龙江省双鸭山市,病毒对老年人有严重的威胁，75%浓度酒精可以杀死病毒，病毒会进化，并且致死性越来越强,已取消所有聚会安排,有聚会安排，父母会参与,微信好友，微博，电视新闻，公众号，微信朋友圈,中立，不做判断,没有确凿信息，不断定,口罩，体温计,未储备
2020-01-25 23:18:03,"15","26~30",女,大学本科,上班族/创业者,黑龙江省哈尔滨市,病毒对老年人有严重的威胁，75%浓度酒精可以杀死病毒,已取消所有聚会安排,父母已取消所有聚会安排,微信好友，微信群，微信朋友圈，微博，电视新闻，抖音,较悲观，短期可能会更严重,没有确凿信息，不断定,口罩,已储备7天内的物资
2020-01-25 23:19:36,"20","26~30",女,硕士及以上,大学生,湖北省襄阳市,病毒对老年人有严重的威胁，75%浓度酒精可以杀死病毒，病毒会进化，并且致死性越来越强,已取消所有聚会安排,父母已取消所有聚会安排,微信好友，微信群，微信朋友圈，微博，电视新闻，其他,较悲观，短期可能会更严重,已有权威机构证实存在短缺,体温计，抗生素,已储备7～30天的物资
2020-01-26 00:03:05,"122","26~30",男,硕士及以上,上班族/创业者,湖南省株洲市,病毒会进化，并且致死性越来越强,已取消所有聚会安排,父母已取消所有聚会安排,微信好友，公众号，微信群，微信朋友圈，微博,中立，不做判断,没有确凿信息，不断定,口罩，酒精，抗生素,已储备7～30天的物资
2020-01-26 01:02:32,"166","26~30",女,大学本科,上班族/创业者,广东省广州市,病毒对老年人有严重的威胁，75%浓度酒精可以杀死病毒,有大型聚会安排（11及以上）,父母已取消所有聚会安排,公众号，微信群，微信朋友圈，微博，电视新闻,较乐观，短期会好转,没有确凿信息，不断定,口罩，体温计，酒精,已储备7天内的物资
2020-01-26 00:53:14,"160","18~25",女,硕士及以上,大学生,湖北省孝感市,病毒对老年人有严重的威胁，75%浓度酒精可以杀死病毒,已取消所有聚会安排,父母已取消所有聚会安排,微信好友，公众号，微信朋友圈，微信群,中立，不做判断,没有确凿信息，不断定,口罩，酒精，体温计，抗生素，抗病毒药物,已储备7～30天的物资
2020-01-25 23:21:41,"27","18~25",女,大学本科,大学生,云南省楚雄彝族自治州,病毒对老年人有严重的威胁，75%浓度酒精可以杀死病毒，病毒会进化，并且致死性越来越强,有中型聚会安排（5～10人）,有聚会安排，父母会参与,微信好友，微信群，微信朋友圈，微博，电视新闻,中立，不做判断,没有确凿信息，不断定,口罩，酒精，体温计，血氧仪，抗生素，抗病毒药物,已储备7天内的物资
2020-01-26 01:13:56,"168","26~30",女,初中及以下,工人/蓝领,湖北省黄冈市,感染病毒后会立即出现咳嗽、发烧的症状，病毒对老年人有严重的威胁，75%浓度酒精可以杀死病毒，病毒致死性很强，病毒会进化，并且致死性越来越强,已取消所有聚会安排,父母已取消所有聚会安排,微信好友，微信群，微信朋友圈，抖音，电视新闻,"",没有确凿信息，不断定,口罩,未储备
2020-01-25 23:47:22,"92","18~25",女,大学本科,大学生,四川省自贡市,感染病毒后会立即出现咳嗽、发烧的症状，病毒对老年人有严重的威胁，75%浓度酒精可以杀死病毒，病毒致死性很强，病毒会进化，并且致死性越来越强,已取消所有聚会安排,父母已取消所有聚会安排,微信好友，公众号，微信群，微信朋友圈，微博，抖音，电视新闻,中立，不做判断,没有确凿信息，不断定,口罩，酒精，保健品,未储备
2020-01-26 03:15:53,"197","18~25",男,大学本科,大学生,上海市上海市,病毒对老年人有严重的威胁,有大型聚会安排（11及以上）,有聚会安排，父母会参与,微信好友，微博，微信朋友圈,较悲观，短期可能会更严重,没有确凿信息，不断定,口罩，体温计,已储备7天内的物资
2020-01-25 23:14:07,"5","18~25",男,大学本科,大学生,安徽省宿州市,病毒对老年人有严重的威胁，75%浓度酒精可以杀死病毒,有中型聚会安排（5～10人）,有聚会安排，父母会参与,电视新闻，其他，微博，微信朋友圈,中立，不做判断,没有确凿信息，不断定,"",已储备30天以上的物资
2020-01-25 23:39:27,"70","26~30",女,硕士及以上,上班族/创业者,湖南省湘西土家族苗族自治州,病毒对老年人有严重的威胁，75%浓度酒精可以杀死病毒,已取消所有聚会安排,父母已取消所有聚会安排,微信好友，公众号，微信朋友圈，微信群，微博，电视新闻,中立，不做判断,没有确凿信息，不断定,体温计，抗生素，保健品，酒精，口罩,已储备7～30天的物资
2020-01-25 23:29:46,"49","31~40",女,高中/中专/技校,其他,山西省长治市,病毒对老年人有严重的威胁，病毒会进化，并且致死性越来越强，病毒致死性很强,已取消所有聚会安排,父母已取消所有聚会安排,抖音，微博，微信朋友圈，电视新闻,非常乐观，很快会好转,没有确凿信息，不断定,抗生素,已储备7天内的物资
2020-01-26 03:01:25,"193","18~25",女,硕士及以上,大学生,湖北省孝感市,病毒会进化，并且致死性越来越强，75%浓度酒精可以杀死病毒，病毒对老年人有严重的威胁,已取消所有聚会安排,父母已取消所有聚会安排,微信好友，公众号，微信群，微信朋友圈，微博，电视新闻,非常悲观，会更严重，甚至进一步爆发,没有确凿信息，不断定,口罩，酒精,已储备7天内的物资
2020-01-25 23:50:19,"106","18~25",女,大学本科,大学生,云南省曲靖市,病毒对老年人有严重的威胁，75%浓度酒精可以杀死病毒，病毒致死性很强,有中型聚会安排（5～10人）,有聚会安排，父母会参与,公众号，微信朋友圈，微博，电视新闻，其他,中立，不做判断,没有任何物资短缺信息,口罩，酒精，体温计，抗生素,已储备7～30天的物资
2020-01-25 23:46:29,"87","18~25",女,大学本科,大学生,河北省邯郸市,病毒对老年人有严重的威胁，目前抗病毒药物已经成功研发，75%浓度酒精可以杀死病毒，病毒致死性很强，病毒会进化，并且致死性越来越强,已取消所有聚会安排,父母已取消所有聚会安排,公众号，电视新闻，微博，微信好友,较乐观，短期会好转,没有确凿信息，不断定,口罩，体温计,已储备7天内的物资
2020-01-25 23:03:13,"1","18~25",男,大学本科,上班族/创业者,湖北省武汉市,病毒对老年人有严重的威胁，75%浓度酒精可以杀死病毒，病毒会进化，并且致死性越来越强,已取消所有聚会安排,不清楚,微信群，微信朋友圈,非常悲观，会更严重，甚至进一步爆发,已有权威机构证实存在短缺,口罩，酒精，体温计，血氧仪,已储备7天内的物资
2020-01-25 23:28:14,"44","26~30",男,大学本科,上班族/创业者,湖北省武汉市,病毒对老年人有严重的威胁，75%浓度酒精可以杀死病毒,有小型聚会安排（5人以下）,父母已取消所有聚会安排,微信好友，微信群，微信朋友圈，抖音,中立，不做判断,已有权威机构证实存在短缺,口罩，体温计,已储备7～30天的物资
2020-01-26 00:27:23,"143","18~25",女,大学本科,医疗工作者,辽宁省大连市,病毒对老年人有严重的威胁，75%浓度酒精可以杀死病毒，病毒会进化，并且致死性越来越强,已取消所有聚会安排,父母已取消所有聚会安排,公众号，微信群，微信朋友圈，微博，电视新闻,中立，不做判断,没有任何物资短缺信息,口罩，护目镜，体温计，酒精，血氧仪,已储备7天内的物资
2020-01-26 01:45:19,"178","18~25",男,大学专科,大学生,湖北省黄冈市,感染病毒后会立即出现咳嗽、发烧的症状，病毒对老年人有严重的威胁，病毒会进化，并且致死性越来越强,已取消所有聚会安排,不清楚,公众号，微信好友，抖音，电视新闻,较悲观，短期可能会更严重,没有确凿信息，不断定,口罩,已储备7～30天的物资
2020-01-25 23:22:19,"31","18~25",男,大学专科,上班族/创业者,广东省中山市,"75%浓度酒精可以杀死病毒，病毒对老年人有严重的威胁，感染病毒后会立即出现咳嗽、发烧的症状",有小型聚会安排（5人以下）,不清楚,电视新闻，微博，微信群,非常乐观，很快会好转,没有任何物资短缺信息,口罩,未储备
2020-01-25 23:23:15,"34","18~25",女,大学本科,大学生,广东省汕头市,病毒对老年人有严重的威胁，75%浓度酒精可以杀死病毒，病毒致死性很强，病毒会进化，并且致死性越来越强,有中型聚会安排（5～10人）,有聚会安排，父母会参与,微博，微信群,中立，不做判断,没有任何物资短缺信息,酒精，口罩，体温计，抗病毒药物,已储备7天内的物资
2020-01-25 23:42:36,"76","31~40",男,硕士及以上,其他,广西壮族自治区北海市,病毒对老年人有严重的威胁，75%浓度酒精可以杀死病毒，病毒致死性很强，病毒会进化，并且致死性越来越强,已取消所有聚会安排,父母已取消所有聚会安排,公众号，其他,中立，不做判断,没有确凿信息，不断定,体温计，酒精，抗生素,已储备7～30天的物资
2020-01-25 23:18:49,"19","31~40",女,硕士及以上,其他,河南省平顶山市,病毒对老年人有严重的威胁,已取消所有聚会安排,父母已取消所有聚会安排,微信好友，微信群，微信朋友圈，电视新闻，微博,"",没有确凿信息，不断定,口罩，酒精，体温计,已储备7天内的物资
2020-01-25 23:32:32,"53","31~40",男,硕士及以上,上班族/创业者,海外其它,病毒对老年人有严重的威胁，病毒会进化，并且致死性越来越强,已取消所有聚会安排,不清楚,微信好友，微信群，微信朋友圈，微博，抖音,较悲观，短期可能会更严重,没有确凿信息，不断定,口罩，抗生素，抗病毒药物，体温计,未储备
2020-01-25 23:43:25,"78","26~30",男,大学本科,上班族/创业者,湖北省黄冈市,病毒对老年人有严重的威胁，75%浓度酒精可以杀死病毒，病毒会进化，并且致死性越来越强,有中型聚会安排（5～10人）,父母已取消所有聚会安排,微信好友，微信群，微信朋友圈，电视新闻,较悲观，短期可能会更严重,已有权威机构证实存在短缺,口罩，酒精,已储备7～30天的物资
2020-01-26 01:31:58,"176","18~25",女,大学专科,大学生,广东省揭阳市,"75%浓度酒精可以杀死病毒，病毒会进化，并且致死性越来越强，病毒对老年人有严重的威胁",已取消所有聚会安排,父母已取消所有聚会安排,微信好友，公众号，微信群，微信朋友圈，微博，电视新闻，抖音，其他,中立，不做判断,没有任何物资短缺信息,口罩，酒精，体温计,已储备7天内的物资
2020-01-25 23:17:04,"12","18~25",女,大学本科,上班族/创业者,湖北省宜昌市,病毒对老年人有严重的威胁，75%浓度酒精可以杀死病毒,已取消所有聚会安排,父母已取消所有聚会安排,微信好友，微信群，微信朋友圈，抖音，电视新闻，微博,"",没有确凿信息，不断定,口罩，体温计,已储备7天内的物资
2020-01-26 00:27:35,"144","26~30",男,大学本科,个体经营户,辽宁省本溪市,病毒对老年人有严重的威胁，病毒会进化，并且致死性越来越强,已取消所有聚会安排,父母已取消所有聚会安排,微信群，微信好友，微信朋友圈，微博，电视新闻，其他,非常悲观，会更严重，甚至进一步爆发,没有确凿信息，不断定,口罩,未储备
2020-01-25 23:13:20,"3","18~25",女,大学本科,大学生,湖北省鄂州市,病毒对老年人有严重的威胁，75%浓度酒精可以杀死病毒，病毒会进化，并且致死性越来越强,已取消所有聚会安排,父母已取消所有聚会安排,微信好友，微信朋友圈，微信群，微博，电视新闻,非常悲观，会更严重，甚至进一步爆发,已有权威机构证实存在短缺,口罩，酒精，体温计,已储备7天内的物资
2020-01-26 00:23:51,"142","26~30",男,大学本科,其他,辽宁省大连市,病毒对老年人有严重的威胁，75%浓度酒精可以杀死病毒,已取消所有聚会安排,父母已取消所有聚会安排,公众号，微信朋友圈，抖音，微博，其他,"",没有确凿信息，不断定,口罩，酒精，抗生素，保健品,已储备7～30天的物资
2020-01-25 23:47:31,"93","18~25",女,保密,大学生,海外其它,病毒对老年人有严重的威胁，75%浓度酒精可以杀死病毒,已取消所有聚会安排,父母已取消所有聚会安排,微信好友，公众号，微博，微信朋友圈,"",没有确凿信息，不断定,口罩,未储备
2020-01-26 00:55:58,"163","18~25",男,大学本科,其他,海外其它,病毒对老年人有严重的威胁，75%浓度酒精可以杀死病毒，病毒会进化，并且致死性越来越强,有大型聚会安排（11及以上）,有聚会安排，父母会参与,其他，电视新闻，抖音，微信朋友圈，微信群,中立，不做判断,没有任何物资短缺信息,口罩,已储备7天内的物资
2020-01-25 23:29:18,"47","41~50",女,大学本科,其他,湖北省武汉市,感染病毒后会立即出现咳嗽、发烧的症状，病毒对老年人有严重的威胁，病毒对幼儿几乎无威胁，75%浓度酒精可以杀死病毒，病毒会进化，并且致死性越来越强,已取消所有聚会安排,父母已取消所有聚会安排,电视新闻，微信群,较乐观，短期会好转,已有权威机构证实存在短缺,口罩，体温计，抗病毒药物，抗生素，保健品,已储备7天内的物资
2020-01-25 23:29:25,"48","18~25",男,硕士及以上,大学生,湖北省孝感市,没有生病的人，不会传染病毒，病毒对老年人有严重的威胁，病毒对幼儿几乎无威胁，75%浓度酒精可以杀死病毒,已取消所有聚会安排,父母已取消所有聚会安排,微信好友，微信朋友圈，微信群，微博，电视新闻,较悲观，短期可能会更严重,已有权威机构证实存在短缺,口罩，护目镜，防护服，酒精，体温计，血氧仪,已储备7～30天的物资
2020-01-26 01:17:07,"170","18~25",女,大学本科,大学生,河南省新乡市,"75%浓度酒精可以杀死病毒，病毒会进化，并且致死性越来越强，病毒对老年人有严重的威胁",已取消所有聚会安排,父母已取消所有聚会安排,微博，微信群,较乐观，短期会好转,没有任何物资短缺信息,口罩，体温计,已储备7～30天的物资
2020-01-26 00:07:12,"130","31~40",女,硕士及以上,上班族/创业者,黑龙江省哈尔滨市,病毒对老年人有严重的威胁，75%浓度酒精可以杀死病毒，病毒致死性很强,已取消所有聚会安排,父母已取消所有聚会安排,公众号，电视新闻，微博,中立，不做判断,没有确凿信息，不断定,口罩，酒精，体温计，保健品,未储备
2020-01-25 23:55:03,"112","18~25",女,大学本科,大学生,广东省广州市,病毒对老年人有严重的威胁，75%浓度酒精可以杀死病毒，病毒会进化，并且致死性越来越强,有大型聚会安排（11及以上）,有聚会安排，父母会参与,微信好友，公众号，微信朋友圈，微博，电视新闻,较悲观，短期可能会更严重,没有任何物资短缺信息,口罩，酒精，体温计，抗生素，保健品，抗病毒药物,已储备7天内的物资
2020-01-26 02:45:37,"190","18~25",男,保密,其他,四川省德阳市,没有生病的人，不会传染病毒，病毒对老年人有严重的威胁，75%浓度酒精可以杀死病毒，病毒会进化，并且致死性越来越强,已取消所有聚会安排,父母已取消所有聚会安排,微博，抖音，公众号，电视新闻，微信朋友圈,非常乐观，很快会好转,没有确凿信息，不断定,体温计，酒精，口罩,已储备7天内的物资
2020-01-25 23:20:49,"24","18~25",女,大学本科,上班族/创业者,四川省南充市,病毒致死性很强，病毒会进化，并且致死性越来越强,有中型聚会安排（5～10人）,有聚会安排，父母会参与,电视新闻，微信朋友圈，微信好友,较悲观，短期可能会更严重,没有确凿信息，不断定,口罩,未储备
2020-01-26 01:42:40,"177","18~25",女,大学本科,大学生,山东省德州市,病毒对老年人有严重的威胁，75%浓度酒精可以杀死病毒,已取消所有聚会安排,有聚会安排，父母会参与,微博，微信好友，电视新闻,较悲观，短期可能会更严重,没有确凿信息，不断定,口罩,未储备
2020-01-25 23:19:59,"21","18~25",女,大学本科,大学生,湖南省怀化市,"75%浓度酒精可以杀死病毒，病毒对老年人有严重的威胁，病毒会进化，并且致死性越来越强",有大型聚会安排（11及以上）,有聚会安排，父母会参与,微博，电视新闻,中立，不做判断,没有确凿信息，不断定,口罩，酒精，体温计，抗生素,已储备7天内的物资
2020-01-26 01:02:26,"165","18~25",女,大学本科,大学生,福建省福州市,病毒对老年人有严重的威胁，75%浓度酒精可以杀死病毒，病毒会进化，并且致死性越来越强，病毒致死性很强,已取消所有聚会安排,父母已取消所有聚会安排,微博，其他,中立，不做判断,没有确凿信息，不断定,口罩，酒精，体温计，保健品,已储备7天内的物资
2020-01-26 00:00:00,"119","18~25",女,大学本科,大学生,江西省九江市,"75%浓度酒精可以杀死病毒，病毒对老年人有严重的威胁",已取消所有聚会安排,父母已取消所有聚会安排,微博，电视新闻，抖音，微信朋友圈，微信群,中立，不做判断,没有确凿信息，不断定,口罩，体温计,未储备
2020-01-25 23:46:19,"86","18~25",男,大学本科,其他,内蒙古自治区包头市,病毒对老年人有严重的威胁，75%浓度酒精可以杀死病毒,已取消所有聚会安排,父母已取消所有聚会安排,电视新闻，微信好友，微博,较悲观，短期可能会更严重,没有确凿信息，不断定,酒精，体温计,已储备7天内的物资
2020-01-25 23:20:06,"22","18~25",男,大学本科,媒体工作者,广东省广州市,"75%浓度酒精可以杀死病毒",已取消所有聚会安排,父母已取消所有聚会安排,其他，微信群,中立，不做判断,没有确凿信息，不断定,口罩，体温计,已储备7天内的物资
2020-01-26 00:03:24,"123","18岁以下",女,大学本科,媒体工作者,北京市北京市,病毒对老年人有严重的威胁，75%浓度酒精可以杀死病毒，病毒会进化，并且致死性越来越强,已取消所有聚会安排,父母已取消所有聚会安排,微信好友，微信朋友圈，微博,较悲观，短期可能会更严重,没有任何物资短缺信息,口罩,未储备
2020-01-26 02:47:56,"192","18~25",不想透露,大学本科,上班族/创业者,湖北省孝感市,病毒对老年人有严重的威胁，75%浓度酒精可以杀死病毒,已取消所有聚会安排,父母已取消所有聚会安排,微信好友，公众号，微信群，微信朋友圈，微博，电视新闻,中立，不做判断,已有权威机构证实存在短缺,口罩,已储备7天内的物资
2020-01-26 00:03:27,"124","18~25",男,大学本科,大学生,广西壮族自治区南宁市,"75%浓度酒精可以杀死病毒，病毒会进化，并且致死性越来越强",已取消所有聚会安排,不清楚,公众号，电视新闻，微博,较乐观，短期会好转,没有确凿信息，不断定,口罩，酒精，体温计，血氧仪，保健品，抗病毒药物,未储备
2020-01-26 00:02:57,"121","18~25",不想透露,保密,大学生,广东省佛山市,"",已取消所有聚会安排,父母已取消所有聚会安排,微博，抖音，电视新闻，微信朋友圈，微信群，微信好友，其他,中立，不做判断,没有确凿信息，不断定,口罩，酒精,已储备7天内的物资
2020-01-26 02:20:39,"184","26~30",男,硕士及以上,上班族/创业者,北京市北京市,病毒对老年人有严重的威胁，75%浓度酒精可以杀死病毒，病毒会进化，并且致死性越来越强,有小型聚会安排（5人以下）,父母已取消所有聚会安排,微信好友，微信朋友圈，微博,非常悲观，会更严重，甚至进一步爆发,没有任何物资短缺信息,口罩，酒精，体温计，抗生素，抗病毒药物，保健品,已储备30天以上的物资
2020-01-25 23:57:07,"115","18~25",女,硕士及以上,大学生,湖北省十堰市,感染病毒后会立即出现咳嗽、发烧的症状，病毒对老年人有严重的威胁，75%浓度酒精可以杀死病毒，家里放白醋可以预防病毒,已取消所有聚会安排,父母已取消所有聚会安排,微信好友，公众号，微信群，微信朋友圈，电视新闻,较乐观，短期会好转,已有权威机构证实存在短缺,口罩,已储备7天内的物资
2020-01-26 00:11:02,"133","18~25",女,高中/中专/技校,上班族/创业者,湖北省恩施土家族苗族自治州,病毒对老年人有严重的威胁，病毒会进化，并且致死性越来越强，感染病毒后会立即出现咳嗽、发烧的症状,已取消所有聚会安排,父母已取消所有聚会安排,微博，电视新闻,中立，不做判断,没有确凿信息，不断定,口罩，体温计,已储备30天以上的物资
2020-01-25 23:49:51,"102","18~25",不想透露,保密,大学生,福建省福州市,"75%浓度酒精可以杀死病毒",已取消所有聚会安排,有聚会安排，父母会参与,电视新闻，其他,中立，不做判断,没有确凿信息，不断定,口罩,未储备
2020-01-25 23:45:02,"80","26~30",男,大学本科,医疗工作者,湖北省武汉市,病毒对老年人有严重的威胁，75%浓度酒精可以杀死病毒，病毒致死性很强，病毒会进化，并且致死性越来越强,已取消所有聚会安排,父母已取消所有聚会安排,微信好友，微信群，公众号，微信朋友圈，微博，电视新闻,较悲观，短期可能会更严重,已有权威机构证实存在短缺,口罩，体温计,已储备7天内的物资
2020-01-26 03:03:20,"194","18~25",女,大学本科,上班族/创业者,湖北省武汉市,病毒对老年人有严重的威胁，家里放白醋可以预防病毒，病毒致死性很强，75%浓度酒精可以杀死病毒,已取消所有聚会安排,父母已取消所有聚会安排,电视新闻，微信好友，微博,中立，不做判断,已有权威机构证实存在短缺,口罩，酒精，抗生素，抗病毒药物，体温计,已储备7天内的物资
2020-01-26 00:42:21,"153","26~30",男,大学专科,上班族/创业者,重庆市重庆市,感染病毒后会立即出现咳嗽、发烧的症状，75%浓度酒精可以杀死病毒,已取消所有聚会安排,父母已取消所有聚会安排,微信好友，公众号，微信群，微信朋友圈，微博，其他，电视新闻,中立，不做判断,没有确凿信息，不断定,口罩，酒精，体温计，抗病毒药物,已储备7天内的物资
2020-01-26 01:14:07,"169","18~25",男,硕士及以上,大学生,湖北省孝感市,病毒对老年人有严重的威胁，目前抗病毒药物已经成功研发,已取消所有聚会安排,父母已取消所有聚会安排,公众号，微信朋友圈，微博,较悲观，短期可能会更严重,没有确凿信息，不断定,体温计，血氧仪,已储备7～30天的物资
2020-01-25 23:16:20,"11","26~30",女,大学本科,上班族/创业者,上海市上海市,病毒对老年人有严重的威胁，75%浓度酒精可以杀死病毒,已取消所有聚会安排,有聚会安排，父母会参与,微信好友，微信群，微信朋友圈,中立，不做判断,没有确凿信息，不断定,口罩，体温计,未储备
2020-01-25 23:56:25,"114","18岁以下",女,保密,其他,广东省东莞市,病毒对幼儿几乎无威胁，病毒对老年人有严重的威胁，病毒会进化，并且致死性越来越强,有中型聚会安排（5～10人）,有聚会安排，父母会参与,微信好友，微信朋友圈，微博，电视新闻，其他,中立，不做判断,没有确凿信息，不断定,体温计,已储备7天内的物资
2020-01-25 23:40:05,"72","18~25",女,大学本科,上班族/创业者,四川省眉山市,病毒对老年人有严重的威胁，75%浓度酒精可以杀死病毒，病毒致死性很强,已取消所有聚会安排,父母已取消所有聚会安排,微信好友，微博，公众号，其他,较乐观，短期会好转,没有确凿信息，不断定,口罩,未储备
2020-01-25 23:28:19,"45","41~50",女,高中/中专/技校,个体经营户,湖南省湘西土家族苗族自治州,病毒对老年人有严重的威胁，病毒致死性很强，病毒会进化，并且致死性越来越强，感染病毒后会立即出现咳嗽、发烧的症状,已取消所有聚会安排,父母已取消所有聚会安排,抖音，电视新闻，微信朋友圈，微信群，微博，微信好友,较悲观，短期可能会更严重,没有确凿信息，不断定,口罩，体温计,已储备7天内的物资
2020-01-26 01:20:52,"172","18~25",女,大学本科,上班族/创业者,湖北省武汉市,"75%浓度酒精可以杀死病毒",已取消所有聚会安排,父母已取消所有聚会安排,抖音，电视新闻，微信群，微信好友，微博，微信朋友圈，公众号,"",已有权威机构证实存在短缺,口罩，体温计,已储备7天内的物资
2020-01-26 00:00:12,"120","18~25",男,大学本科,大学生,天津市天津市,病毒对老年人有严重的威胁，病毒致死性很强，75%浓度酒精可以杀死病毒,已取消所有聚会安排,父母已取消所有聚会安排,微信好友，微信群，微信朋友圈，微博，其他，电视新闻,"",没有确凿信息，不断定,口罩，酒精，体温计，抗生素，保健品,已储备7天内的物资
2020-01-26 00:31:04,"146","18~25",女,大学专科,大学生,湖北省黄冈市,病毒会进化，并且致死性越来越强,已取消所有聚会安排,父母已取消所有聚会安排,电视新闻,较悲观，短期可能会更严重,没有确凿信息，不断定,口罩，体温计,已储备7天内的物资
2020-01-25 23:49:43,"100","26~30",女,大学本科,媒体工作者,甘肃省兰州市,病毒对老年人有严重的威胁，75%浓度酒精可以杀死病毒，病毒会进化，并且致死性越来越强,有中型聚会安排（5～10人）,父母已取消所有聚会安排,电视新闻，抖音，微博，微信朋友圈,较悲观，短期可能会更严重,没有任何物资短缺信息,口罩，酒精,已储备7天内的物资
2020-01-25 23:35:16,"58","18~25",女,大学本科,大学生,重庆市重庆市,感染病毒后会立即出现咳嗽、发烧的症状，病毒对老年人有严重的威胁，75%浓度酒精可以杀死病毒，病毒致死性很强，病毒会进化，并且致死性越来越强,已取消所有聚会安排,父母已取消所有聚会安排,微信朋友圈，微信群，微信好友，抖音，微博，其他，电视新闻，公众号,"",没有确凿信息，不断定,口罩,未储备
2020-01-25 23:27:46,"43","26~30",男,大学本科,上班族/创业者,湖北省武汉市,病毒对老年人有严重的威胁，75%浓度酒精可以杀死病毒,已取消所有聚会安排,父母已取消所有聚会安排,微信朋友圈，微博，电视新闻,较悲观，短期可能会更严重,已有权威机构证实存在短缺,口罩，体温计,已储备7天内的物资
2020-01-26 01:46:58,"179","18~25",女,高中/中专/技校,其他,广东省湛江市,病毒对老年人有严重的威胁，家里放白醋可以预防病毒，75%浓度酒精可以杀死病毒,已取消所有聚会安排,有聚会安排，父母会参与,公众号，微博，电视新闻，微信好友,较悲观，短期可能会更严重,没有确凿信息，不断定,口罩,未储备
2020-01-25 23:24:11,"37","18~25",女,大学本科,大学生,广东省佛山市,没有生病的人，不会传染病毒，病毒对老年人有严重的威胁，目前抗病毒药物已经成功研发，75%浓度酒精可以杀死病毒，病毒会进化，并且致死性越来越强,已取消所有聚会安排,父母已取消所有聚会安排,微信好友，微信群，微信朋友圈，微博，电视新闻,较悲观，短期可能会更严重,没有任何物资短缺信息,口罩，酒精,已储备7天内的物资
2020-01-25 23:38:54,"68","26~30",女,硕士及以上,上班族/创业者,湖北省武汉市,病毒对老年人有严重的威胁，病毒对幼儿几乎无威胁,已取消所有聚会安排,有聚会安排，父母会参与,微信好友，公众号，微信朋友圈，微博，抖音，电视新闻,较悲观，短期可能会更严重,已有权威机构证实存在短缺,口罩，酒精，体温计，血氧仪，抗病毒药物,已储备7天内的物资
2020-01-25 23:36:30,"61","31~40",女,硕士及以上,其他,浙江省温州市,"75%浓度酒精可以杀死病毒，病毒对老年人有严重的威胁",已取消所有聚会安排,父母已取消所有聚会安排,微信好友，公众号，微信朋友圈，微信群，电视新闻，微博,中立，不做判断,没有确凿信息，不断定,口罩，体温计,已储备7天内的物资
2020-01-26 02:26:16,"187","18~25",男,大学本科,大学生,湖北省黄冈市,病毒对老年人有严重的威胁，75%浓度酒精可以杀死病毒，病毒会进化，并且致死性越来越强,有小型聚会安排（5人以下）,有聚会安排，父母会参与,微博，其他,非常悲观，会更严重，甚至进一步爆发,已有权威机构证实存在短缺,口罩，酒精，体温计,已储备7天内的物资
2020-01-26 00:49:45,"157","31~40",女,大学专科,个体经营户,浙江省绍兴市,病毒对老年人有严重的威胁，75%浓度酒精可以杀死病毒,已取消所有聚会安排,父母已取消所有聚会安排,微博，微信好友，公众号，电视新闻,非常乐观，很快会好转,没有确凿信息，不断定,口罩，酒精，体温计,未储备
2020-01-26 00:14:44,"137","18~25",女,大学本科,大学生,广东省广州市,"75%浓度酒精可以杀死病毒",有中型聚会安排（5～10人）,有聚会安排，父母会参与,微信好友，公众号，微信群，微信朋友圈，微博，电视新闻,较悲观，短期可能会更严重,没有确凿信息，不断定,口罩，酒精，体温计，抗生素，抗病毒药物,已储备7～30天的物资
2020-01-25 23:14:40,"9","18~25",女,大学本科,上班族/创业者,湖北省武汉市,病毒会进化，并且致死性越来越强,已取消所有聚会安排,父母已取消所有聚会安排,微博,较乐观，短期会好转,没有确凿信息，不断定,口罩，体温计,已储备7～30天的物资
2020-01-25 23:57:26,"116","18~25",男,大学本科,大学生,湖北省黄冈市,病毒会进化，并且致死性越来越强,已取消所有聚会安排,父母已取消所有聚会安排,微博，抖音，微信朋友圈，微信好友,较乐观，短期会好转,没有任何物资短缺信息,口罩,已储备7～30天的物资
2020-01-26 01:55:53,"181","26~30",女,硕士及以上,媒体工作者,福建省厦门市,病毒对老年人有严重的威胁，75%浓度酒精可以杀死病毒,有大型聚会安排（11及以上）,父母已取消所有聚会安排,微信好友，公众号，微信群，微信朋友圈，微博，电视新闻,较乐观，短期会好转,没有任何物资短缺信息,口罩，酒精，体温计,未储备
2020-01-26 01:17:35,"171","18~25",女,硕士及以上,其他,北京市北京市,病毒对老年人有严重的威胁，75%浓度酒精可以杀死病毒，病毒致死性很强，病毒会进化，并且致死性越来越强,已取消所有聚会安排,父母已取消所有聚会安排,其他，微博,非常悲观，会更严重，甚至进一步爆发,没有确凿信息，不断定,口罩，酒精，体温计,已储备7天内的物资
2020-01-25 23:18:16,"16","18~25",男,大学本科,上班族/创业者,湖北省武汉市,病毒对老年人有严重的威胁，75%浓度酒精可以杀死病毒，病毒会进化，并且致死性越来越强,已取消所有聚会安排,有聚会安排，父母会参与,微信好友，微信群，微信朋友圈，微博，电视新闻，其他,非常悲观，会更严重，甚至进一步爆发,已有权威机构证实存在短缺,口罩，体温计,已储备7天内的物资
2020-01-25 23:50:17,"105","18~25",女,大学本科,大学生,广西壮族自治区梧州市,感染病毒后会立即出现咳嗽、发烧的症状,有中型聚会安排（5～10人）,有聚会安排，父母会参与,抖音，微博，微信朋友圈，其他,"",已有权威机构证实存在短缺,体温计，口罩,已储备7天内的物资
2020-01-25 23:14:44,"10","31~40",男,大学专科,上班族/创业者,湖北省武汉市,"75%浓度酒精可以杀死病毒，病毒对老年人有严重的威胁",已取消所有聚会安排,父母已取消所有聚会安排,微信群，微信朋友圈，微博，抖音，电视新闻，其他，微信好友,较悲观，短期可能会更严重,已有权威机构证实存在短缺,口罩，酒精，抗生素，抗病毒药物,已储备7～30天的物资
2020-01-26 01:23:22,"174","26~30",女,硕士及以上,上班族/创业者,北京市北京市,病毒对老年人有严重的威胁，75%浓度酒精可以杀死病毒，病毒会进化，并且致死性越来越强,已取消所有聚会安排,父母已取消所有聚会安排,微信好友，电视新闻,较乐观，短期会好转,没有确凿信息，不断定,体温计,未储备
2020-01-26 01:13:17,"167","26~30",女,大学本科,个体经营户,湖南省岳阳市,感染病毒后会立即出现咳嗽、发烧的症状，病毒致死性很强,已取消所有聚会安排,父母已取消所有聚会安排,微信好友，公众号，微信朋友圈，微信群，微博，电视新闻,"",没有确凿信息，不断定,口罩，体温计，抗病毒药物,已储备7天内的物资
2020-01-26 00:37:33,"148","26~30",女,大学本科,上班族/创业者,安徽省池州市,病毒对老年人有严重的威胁，75%浓度酒精可以杀死病毒,有中型聚会安排（5～10人）,有聚会安排，父母会参与,公众号，微信群,中立，不做判断,没有确凿信息，不断定,口罩,已储备7天内的物资
2020-01-26 00:40:16,"151","18~25",男,硕士及以上,大学生,河南省新乡市,病毒对老年人有严重的威胁，75%浓度酒精可以杀死病毒,已取消所有聚会安排,父母已取消所有聚会安排,公众号，微博，微信朋友圈，电视新闻，微信群,较悲观，短期可能会更严重,没有确凿信息，不断定,口罩，体温计，抗病毒药物,已储备7～30天的物资
2020-01-25 23:48:39,"95","18~25",女,大学本科,大学生,海南省陵水黎族自治县,"75%浓度酒精可以杀死病毒，病毒致死性很强，感染病毒后会立即出现咳嗽、发烧的症状",有中型聚会安排（5～10人）,父母已取消所有聚会安排,微信好友，公众号，微信朋友圈，微信群，电视新闻，其他,较悲观，短期可能会更严重,没有确凿信息，不断定,口罩，体温计,未储备
2020-01-26 00:39:24,"149","18~25",女,大学本科,大学生,广西壮族自治区贵港市,"75%浓度酒精可以杀死病毒，病毒会进化，并且致死性越来越强",已取消所有聚会安排,父母已取消所有聚会安排,微信群，微博，电视新闻,中立，不做判断,没有确凿信息，不断定,体温计，酒精,已储备7天内的物资
2020-01-25 23:53:27,"111","51~60",男,大学本科,公务人员,江西省九江市,病毒对老年人有严重的威胁，病毒致死性很强，病毒会进化，并且致死性越来越强,已取消所有聚会安排,父母已取消所有聚会安排,电视新闻，其他,较悲观，短期可能会更严重,没有确凿信息，不断定,口罩,未储备
2020-01-25 23:44:26,"79","26~30",男,大学专科,媒体工作者,江西省南昌市,病毒对老年人有严重的威胁，75%浓度酒精可以杀死病毒,已取消所有聚会安排,父母已取消所有聚会安排,微信好友，微信群，微信朋友圈，电视新闻,中立，不做判断,没有确凿信息，不断定,口罩,已储备7～30天的物资
2020-01-26 00:14:55,"138","26~30",女,硕士及以上,上班族/创业者,江苏省南京市,病毒对老年人有严重的威胁，75%浓度酒精可以杀死病毒，病毒会进化，并且致死性越来越强,已取消所有聚会安排,父母已取消所有聚会安排,公众号，微信群，微信朋友圈，微博，抖音，电视新闻，其他,较悲观，短期可能会更严重,没有确凿信息，不断定,口罩，酒精，体温计，抗生素,已储备7～30天的物资
2020-01-26 02:21:09,"185","26~30",男,硕士及以上,其他,辽宁省沈阳市,病毒对老年人有严重的威胁，75%浓度酒精可以杀死病毒,已取消所有聚会安排,父母已取消所有聚会安排,其他，微博，微信朋友圈，公众号，微信群，微信好友，电视新闻,"",没有确凿信息，不断定,口罩，保健品,已储备7天内的物资
2020-01-25 23:37:16,"63","26~30",女,大学本科,上班族/创业者,河北省石家庄市,病毒对老年人有严重的威胁，75%浓度酒精可以杀死病毒，病毒致死性很强，病毒会进化，并且致死性越来越强,已取消所有聚会安排,不清楚,微信好友，公众号，微信朋友圈，抖音,中立，不做判断,没有确凿信息，不断定,口罩，体温计,已储备7天内的物资
2020-01-26 00:11:52,"134","18~25",男,大学本科,大学生,广西壮族自治区贺州市,感染病毒后会立即出现咳嗽、发烧的症状，病毒对老年人有严重的威胁，75%浓度酒精可以杀死病毒，病毒致死性很强，病毒会进化，并且致死性越来越强,有大型聚会安排（11及以上）,有聚会安排，父母会参与,微信好友，公众号，微信群，微信朋友圈，微博，抖音，电视新闻，其他,较乐观，短期会好转,没有确凿信息，不断定,酒精,未储备
2020-01-25 23:49:43,"101","26~30",不想透露,大学专科,其他,福建省泉州市,病毒对老年人有严重的威胁，75%浓度酒精可以杀死病毒，病毒会进化，并且致死性越来越强,已取消所有聚会安排,父母已取消所有聚会安排,公众号，微信朋友圈，微信群,较乐观，短期会好转,没有确凿信息，不断定,口罩,已储备7～30天的物资
2020-01-25 23:51:09,"108","18~25",女,大学专科,大学生,江西省九江市,病毒对老年人有严重的威胁，75%浓度酒精可以杀死病毒,已取消所有聚会安排,父母已取消所有聚会安排,微博，微信好友，微信群，微信朋友圈，电视新闻,较悲观，短期可能会更严重,没有确凿信息，不断定,口罩，体温计,已储备7天内的物资
2020-01-25 23:41:43,"75","31~40",女,大学本科,上班族/创业者,湖北省武汉市,"75%浓度酒精可以杀死病毒，病毒对老年人有严重的威胁，病毒致死性很强",已取消所有聚会安排,父母已取消所有聚会安排,微信好友，公众号，微信群，微博，抖音,较悲观，短期可能会更严重,已有权威机构证实存在短缺,口罩，体温计,已储备7天内的物资
2020-01-25 23:45:23,"82","26~30",女,大学本科,上班族/创业者,浙江省温州市,病毒对老年人有严重的威胁，75%浓度酒精可以杀死病毒，病毒会进化，并且致死性越来越强，没有生病的人，不会传染病毒,已取消所有聚会安排,父母已取消所有聚会安排,微信群，微信朋友圈，微博，其他，电视新闻，微信好友,较乐观，短期会好转,没有确凿信息，不断定,口罩,已储备7天内的物资
2020-01-25 23:26:30,"41","18~25",男,硕士及以上,大学生,湖北省孝感市,病毒对老年人有严重的威胁，病毒致死性很强，病毒会进化，并且致死性越来越强,已取消所有聚会安排,父母已取消所有聚会安排,微信好友，微信群，微信朋友圈，电视新闻,较悲观，短期可能会更严重,已有权威机构证实存在短缺,口罩,已储备7天内的物资
2020-01-25 23:46:48,"89","31~40",女,初中及以下,上班族/创业者,湖北省孝感市,感染病毒后会立即出现咳嗽、发烧的症状，病毒对老年人有严重的威胁，75%浓度酒精可以杀死病毒，病毒致死性很强，病毒会进化，并且致死性越来越强,已取消所有聚会安排,父母已取消所有聚会安排,电视新闻，抖音，微信朋友圈，微信群，微信好友，公众号,"",已有权威机构证实存在短缺,口罩，体温计,已储备7～30天的物资
2020-01-25 23:29:58,"50","18~25",女,大学本科,大学生,广东省江门市,病毒对老年人有严重的威胁，75%浓度酒精可以杀死病毒，病毒会进化，并且致死性越来越强,已取消所有聚会安排,父母已取消所有聚会安排,微信好友，微信群，微信朋友圈，微博,"",已有权威机构证实存在短缺,口罩，体温计,已储备7天内的物资
2020-01-26 01:50:56,"180","18~25",不想透露,大学本科,上班族/创业者,浙江省杭州市,"75%浓度酒精可以杀死病毒，病毒会进化，并且致死性越来越强",有中型聚会安排（5～10人）,父母已取消所有聚会安排,公众号，微信好友，微信群，微博，其他,"",没有确凿信息，不断定,口罩，酒精，体温计,已储备7天内的物资
2020-01-25 23:43:05,"77","18~25",男,大学专科,上班族/创业者,广西壮族自治区防城港市,病毒对老年人有严重的威胁,已取消所有聚会安排,父母已取消所有聚会安排,微博,非常悲观，会更严重，甚至进一步爆发,没有任何物资短缺信息,口罩，体温计,已储备7天内的物资
2020-01-25 23:50:04,"104","18~25",女,大学本科,大学生,海南省海口市,病毒对老年人有严重的威胁，75%浓度酒精可以杀死病毒，病毒致死性很强，病毒会进化，并且致死性越来越强，家里放白醋可以预防病毒,已取消所有聚会安排,父母已取消所有聚会安排,微信好友，公众号，微博，电视新闻，其他,非常悲观，会更严重，甚至进一步爆发,没有确凿信息，不断定,体温计，抗生素，口罩,已储备7天内的物资
2020-01-26 01:23:37,"175","18岁以下",女,高中/中专/技校,其他,广东省佛山市,病毒对老年人有严重的威胁，75%浓度酒精可以杀死病毒,已取消所有聚会安排,有聚会安排，父母会参与,微信好友，公众号，微博，电视新闻，其他,较乐观，短期会好转,没有确凿信息，不断定,口罩，体温计，抗生素,已储备7天内的物资
2020-01-25 23:24:09,"36","26~30",不想透露,保密,其他,"",病毒对老年人有严重的威胁,已取消所有聚会安排,父母已取消所有聚会安排,微信好友，微信群，微信朋友圈，微博，电视新闻,较乐观，短期会好转,没有确凿信息，不断定,口罩,已储备7天内的物资
2020-01-26 03:18:36,"198","18~25",女,硕士及以上,大学生,海外其它,病毒对老年人有严重的威胁，病毒会进化，并且致死性越来越强,有大型聚会安排（11及以上）,父母已取消所有聚会安排,微信朋友圈，微博，微信好友，电视新闻,非常悲观，会更严重，甚至进一步爆发,已有权威机构证实存在短缺,口罩，体温计，抗生素,已储备7天内的物资
2020-01-25 23:47:07,"91","18~25",女,大学本科,大学生,广西壮族自治区百色市,感染病毒后会立即出现咳嗽、发烧的症状，病毒对老年人有严重的威胁，75%浓度酒精可以杀死病毒,有中型聚会安排（5～10人）,父母已取消所有聚会安排,微博，微信朋友圈，电视新闻,中立，不做判断,没有确凿信息，不断定,口罩，抗病毒药物,已储备7天内的物资
2020-01-26 00:29:54,"145","18~25",女,硕士及以上,上班族/创业者,江苏省徐州市,"75%浓度酒精可以杀死病毒，病毒会进化，并且致死性越来越强，病毒对老年人有严重的威胁",已取消所有聚会安排,父母已取消所有聚会安排,微信好友，微信朋友圈，微博，其他,非常悲观，会更严重，甚至进一步爆发,没有确凿信息，不断定,口罩，抗病毒药物，保健品,已储备7天内的物资
2020-01-25 23:34:47,"57","18~25",男,大学本科,上班族/创业者,广东省广州市,病毒对老年人有严重的威胁，75%浓度酒精可以杀死病毒,已取消所有聚会安排,父母已取消所有聚会安排,微信好友，微信群，微信朋友圈，公众号，电视新闻，其他,较乐观，短期会好转,没有确凿信息，不断定,口罩，酒精，体温计,已储备7～30天的物资
2020-01-25 23:36:20,"59","26~30",不想透露,大学本科,上班族/创业者,辽宁省大连市,病毒对老年人有严重的威胁，75%浓度酒精可以杀死病毒，病毒会进化，并且致死性越来越强，没有生病的人，不会传染病毒,有中型聚会安排（5～10人）,有聚会安排，父母会参与,公众号，微信好友，微信群，微信朋友圈，微博,较悲观，短期可能会更严重,没有确凿信息，不断定,酒精,已储备7天内的物资
2020-01-25 23:45:59,"85","18~25",女,大学本科,大学生,四川省内江市,病毒会进化，并且致死性越来越强，病毒对老年人有严重的威胁,已取消所有聚会安排,父母已取消所有聚会安排,微博，公众号，电视新闻,较悲观，短期可能会更严重,没有确凿信息，不断定,口罩,已储备7天内的物资
2020-01-25 23:37:44,"66","18~25",男,硕士及以上,大学生,湖北省武汉市,病毒对老年人有严重的威胁，病毒会进化，并且致死性越来越强，75%浓度酒精可以杀死病毒,已取消所有聚会安排,父母已取消所有聚会安排,微信好友，微博，微信朋友圈，微信群，电视新闻,较悲观，短期可能会更严重,已有权威机构证实存在短缺,口罩，体温计,已储备7～30天的物资
2020-01-25 23:45:48,"83","18~25",男,大学本科,大学生,四川省遂宁市,病毒对老年人有严重的威胁,有中型聚会安排（5～10人）,有聚会安排，父母会参与,公众号，其他,中立，不做判断,没有确凿信息，不断定,酒精，体温计,已储备7～30天的物资
2020-01-25 23:13:38,"4","31~40",女,硕士及以上,上班族/创业者,湖北省武汉市,病毒对老年人有严重的威胁，75%浓度酒精可以杀死病毒，病毒会进化，并且致死性越来越强,已取消所有聚会安排,父母已取消所有聚会安排,微信好友，微信群，微信朋友圈，电视新闻,较悲观，短期可能会更严重,已有权威机构证实存在短缺,口罩，体温计,未储备
2020-01-26 00:05:21,"128","18~25",女,大学本科,大学生,湖南省常德市,"75%浓度酒精可以杀死病毒",有中型聚会安排（5～10人）,有聚会安排，父母会参与,公众号，微信好友，微信朋友圈，微信群，其他,较悲观，短期可能会更严重,没有确凿信息，不断定,口罩,已储备7～30天的物资
2020-01-25 23:49:17,"98","18~25",男,高中/中专/技校,上班族/创业者,湖北省黄冈市,感染病毒后会立即出现咳嗽、发烧的症状，病毒对老年人有严重的威胁，75%浓度酒精可以杀死病毒，病毒会进化，并且致死性越来越强,已取消所有聚会安排,不清楚,电视新闻，抖音，微博，微信朋友圈，微信群，公众号，微信好友,较悲观，短期可能会更严重,没有确凿信息，不断定,口罩，体温计，酒精,已储备7～30天的物资
2020-01-26 00:06:34,"129","18~25",男,大学本科,大学生,河北省石家庄市,病毒对老年人有严重的威胁，病毒对幼儿几乎无威胁，病毒会进化，并且致死性越来越强，感染病毒后会立即出现咳嗽、发烧的症状,有小型聚会安排（5人以下）,父母已取消所有聚会安排,电视新闻,"",没有任何物资短缺信息,口罩，酒精，体温计，抗病毒药物,已储备30天以上的物资
2020-01-25 23:48:53,"96","18~25",男,大学专科,大学生,重庆市重庆市,病毒会进化，并且致死性越来越强，75%浓度酒精可以杀死病毒，目前抗病毒药物已经成功研发,已取消所有聚会安排,父母已取消所有聚会安排,微博，电视新闻,较悲观，短期可能会更严重,没有确凿信息，不断定,酒精，体温计,已储备7天内的物资
2020-01-25 23:29:10,"46","18~25",女,硕士及以上,大学生,重庆市重庆市,病毒对老年人有严重的威胁,有大型聚会安排（11及以上）,有聚会安排，父母会参与,电视新闻，微博，微信朋友圈，微信好友，微信群,非常悲观，会更严重，甚至进一步爆发,没有确凿信息，不断定,口罩,未储备
2020-01-26 00:48:38,"156","18~25",男,大学本科,上班族/创业者,广东省广州市,目前抗病毒药物已经成功研发，病毒会进化，并且致死性越来越强，75%浓度酒精可以杀死病毒，没有生病的人，不会传染病毒,有中型聚会安排（5～10人）,有聚会安排，父母会参与,微信好友，公众号，微信朋友圈，微信群，微博，抖音，电视新闻，其他,非常悲观，会更严重，甚至进一步爆发,没有确凿信息，不断定,口罩,已储备7天内的物资
2020-01-25 23:41:28,"74","26~30",男,大学本科,医疗工作者,云南省昆明市,病毒对老年人有严重的威胁，75%浓度酒精可以杀死病毒,有大型聚会安排（11及以上）,父母已取消所有聚会安排,公众号，微信朋友圈，微博,中立，不做判断,没有确凿信息，不断定,口罩,已储备7天内的物资
2020-01-25 23:48:54,"97","26~30",女,大学本科,上班族/创业者,云南省曲靖市,感染病毒后会立即出现咳嗽、发烧的症状，病毒对老年人有严重的威胁，75%浓度酒精可以杀死病毒，病毒致死性很强，病毒会进化，并且致死性越来越强,有中型聚会安排（5～10人）,父母已取消所有聚会安排,微信朋友圈，微博，电视新闻，微信好友，公众号，微信群,较悲观，短期可能会更严重,没有确凿信息，不断定,口罩，酒精，体温计,已储备7天内的物资
2020-01-25 23:37:43,"65","31~40",男,大学本科,上班族/创业者,安徽省合肥市,病毒对老年人有严重的威胁，75%浓度酒精可以杀死病毒,已取消所有聚会安排,父母已取消所有聚会安排,微信朋友圈，微信群,中立，不做判断,没有确凿信息，不断定,口罩,已储备7天内的物资
2020-01-26 00:50:39,"159","18~25",女,大学本科,大学生,湖北省襄阳市,"75%浓度酒精可以杀死病毒，病毒对老年人有严重的威胁，病毒致死性很强，病毒会进化，并且致死性越来越强",有小型聚会安排（5人以下）,有聚会安排，父母会参与,微博，电视新闻,较悲观，短期可能会更严重,已有权威机构证实存在短缺,口罩,已储备7天内的物资
2020-01-25 23:45:58,"84","31~40",男,大学本科,上班族/创业者,湖北省武汉市,感染病毒后会立即出现咳嗽、发烧的症状，病毒对老年人有严重的威胁，病毒会进化，并且致死性越来越强，病毒致死性很强,已取消所有聚会安排,父母已取消所有聚会安排,微信好友，公众号，微信朋友圈，微博，电视新闻,较乐观，短期会好转,没有确凿信息，不断定,体温计,未储备
2020-01-26 02:22:08,"186","18~25",男,保密,上班族/创业者,广东省汕尾市,没有生病的人，不会传染病毒，病毒会进化，并且致死性越来越强,有中型聚会安排（5～10人）,不清楚,微信群，电视新闻，公众号,"",没有确凿信息，不断定,口罩，抗生素,已储备7天内的物资
2020-01-26 00:14:42,"136","18~25",女,大学本科,大学生,安徽省黄山市,病毒对老年人有严重的威胁，病毒会进化，并且致死性越来越强,已取消所有聚会安排,父母已取消所有聚会安排,微博，微信朋友圈，微信好友，其他，微信群,中立，不做判断,没有确凿信息，不断定,体温计,未储备
2020-01-25 23:40:58,"73","26~30",女,大学本科,个体经营户,广西壮族自治区南宁市,病毒对老年人有严重的威胁，75%浓度酒精可以杀死病毒，病毒会进化，并且致死性越来越强,已取消所有聚会安排,父母已取消所有聚会安排,微信好友，公众号，微信群，微信朋友圈，微博，抖音，电视新闻，其他,"",没有确凿信息，不断定,口罩，酒精,未储备
2020-01-25 23:22:26,"32","31~40",男,硕士及以上,上班族/创业者,重庆市重庆市,没有生病的人，不会传染病毒，病毒对老年人有严重的威胁，病毒对幼儿几乎无威胁，75%浓度酒精可以杀死病毒,有大型聚会安排（11及以上）,父母已取消所有聚会安排,微信朋友圈，微信群，微信好友,较乐观，短期会好转,没有任何物资短缺信息,口罩，酒精，抗病毒药物，抗生素,已储备7天内的物资
2020-01-25 23:33:50,"56","18~25",不想透露,大学专科,大学生,山西省晋中市,病毒会进化，并且致死性越来越强，没有生病的人，不会传染病毒，病毒对老年人有严重的威胁,已取消所有聚会安排,父母已取消所有聚会安排,微博，微信好友，电视新闻，其他,中立，不做判断,没有确凿信息，不断定,口罩，体温计,已储备30天以上的物资
2020-01-26 00:04:38,"125","26~30",女,硕士及以上,上班族/创业者,江苏省南京市,病毒对老年人有严重的威胁，75%浓度酒精可以杀死病毒,已取消所有聚会安排,有聚会安排，父母会参与,微信好友，公众号，微信朋友圈，微信群,"",没有确凿信息，不断定,口罩，体温计,已储备7天内的物资
2020-01-25 23:26:13,"40","31~40",女,大学本科,上班族/创业者,北京市北京市,没有生病的人，不会传染病毒，病毒对老年人有严重的威胁，75%浓度酒精可以杀死病毒，病毒致死性很强,已取消所有聚会安排,有聚会安排，父母会参与,微信朋友圈，微博，电视新闻,较悲观，短期可能会更严重,没有确凿信息，不断定,口罩，酒精，体温计,已储备7～30天的物资
2020-01-26 03:10:37,"195","18~25",女,硕士及以上,大学生,河南省周口市,病毒对老年人有严重的威胁，75%浓度酒精可以杀死病毒,已取消所有聚会安排,父母已取消所有聚会安排,电视新闻，公众号，微信好友,较乐观，短期会好转,没有确凿信息，不断定,口罩，酒精，体温计,已储备7天内的物资
2020-01-26 00:08:02,"131","18~25",男,大学专科,大学生,湖北省黄冈市,病毒对老年人有严重的威胁，感染病毒后会立即出现咳嗽、发烧的症状，75%浓度酒精可以杀死病毒，病毒会进化，并且致死性越来越强,已取消所有聚会安排,父母已取消所有聚会安排,微信好友，公众号，微信群，微信朋友圈，微博，抖音，电视新闻,中立，不做判断,已有权威机构证实存在短缺,口罩，酒精，体温计,已储备7～30天的物资
2020-01-26 00:05:01,"126","18~25",女,大学本科,大学生,天津市天津市,病毒对老年人有严重的威胁，病毒会进化，并且致死性越来越强,有中型聚会安排（5～10人）,有聚会安排，父母会参与,微信好友，公众号，微信群，微信朋友圈，微博，电视新闻，其他,中立，不做判断,没有确凿信息，不断定,口罩,未储备
2020-01-25 23:45:13,"81","18~25",男,大学本科,大学生,广东省茂名市,病毒对老年人有严重的威胁，75%浓度酒精可以杀死病毒,有中型聚会安排（5～10人）,有聚会安排，父母会参与,微信好友，公众号，微信朋友圈，微博，电视新闻,较悲观，短期可能会更严重,没有任何物资短缺信息,口罩，体温计,未储备
2020-01-25 23:49:55,"103","18~25",男,大学专科,大学生,湖北省黄冈市,"75%浓度酒精可以杀死病毒，病毒对老年人有严重的威胁，感染病毒后会立即出现咳嗽、发烧的症状",已取消所有聚会安排,父母已取消所有聚会安排,微信群，微信好友，公众号，微信朋友圈，微博，抖音，电视新闻,较乐观，短期会好转,已有权威机构证实存在短缺,口罩，酒精，抗生素,已储备7～30天的物资
2020-01-25 23:22:11,"30","18~25",女,大学本科,大学生,山西省大同市,病毒对老年人有严重的威胁，病毒会进化，并且致死性越来越强，没有生病的人，不会传染病毒,有中型聚会安排（5～10人）,父母已取消所有聚会安排,微博，抖音，电视新闻，微信朋友圈，微信群，微信好友,中立，不做判断,没有确凿信息，不断定,"",已储备7天内的物资
2020-01-26 00:41:50,"152","26~30",女,大学本科,上班族/创业者,湖南省长沙市,病毒对老年人有严重的威胁，75%浓度酒精可以杀死病毒，病毒会进化，并且致死性越来越强,已取消所有聚会安排,父母已取消所有聚会安排,微博，电视新闻，微信群,中立，不做判断,没有确凿信息，不断定,口罩，抗病毒药物,已储备7～30天的物资
2020-01-25 23:20:54,"25","18~25",女,大学本科,个体经营户,湖北省武汉市,病毒对老年人有严重的威胁，75%浓度酒精可以杀死病毒,已取消所有聚会安排,父母已取消所有聚会安排,微博，微信群，抖音，微信好友,较悲观，短期可能会更严重,已有权威机构证实存在短缺,体温计,已储备7天内的物资
2020-01-26 02:36:57,"188","31~40",女,初中及以下,工人/蓝领,广东省茂名市,没有生病的人，不会传染病毒，病毒对老年人有严重的威胁，75%浓度酒精可以杀死病毒，病毒致死性很强，病毒会进化，并且致死性越来越强,已取消所有聚会安排,不清楚,抖音，微信朋友圈，电视新闻，其他,"",没有确凿信息，不断定,口罩,未储备
2020-01-25 23:21:49,"28","31~40",男,大学本科,个体经营户,江西省吉安市,病毒对老年人有严重的威胁，75%浓度酒精可以杀死病毒,已取消所有聚会安排,父母已取消所有聚会安排,电视新闻，其他，微信群，微信朋友圈,中立，不做判断,没有确凿信息，不断定,口罩，体温计,已储备7～30天的物资
2020-01-26 03:11:12,"196","26~30",女,大学本科,上班族/创业者,湖南省长沙市,感染病毒后会立即出现咳嗽、发烧的症状，病毒对老年人有严重的威胁，75%浓度酒精可以杀死病毒，病毒会进化，并且致死性越来越强,有小型聚会安排（5人以下）,父母已取消所有聚会安排,微博，微信朋友圈,中立，不做判断,没有确凿信息，不断定,口罩，酒精，抗生素，保健品，体温计,未储备
2020-01-26 01:00:16,"164","18~25",男,大学本科,大学生,陕西省榆林市,病毒会进化，并且致死性越来越强,有中型聚会安排（5～10人）,有聚会安排，父母会参与,电视新闻，微博，其他，公众号,非常悲观，会更严重，甚至进一步爆发,没有任何物资短缺信息,体温计，酒精，口罩，抗病毒药物,已储备7天内的物资
2020-01-25 23:33:37,"54","18~25",女,大学本科,上班族/创业者,湖北省荆州市,病毒对老年人有严重的威胁，75%浓度酒精可以杀死病毒，病毒会进化，并且致死性越来越强,已取消所有聚会安排,父母已取消所有聚会安排,微信好友，微博,非常悲观，会更严重，甚至进一步爆发,没有确凿信息，不断定,口罩,未储备
2020-01-25 23:57:53,"117","18~25",女,大学本科,大学生,湖南省衡阳市,病毒对老年人有严重的威胁，75%浓度酒精可以杀死病毒，病毒会进化，并且致死性越来越强，病毒致死性很强,已取消所有聚会安排,父母已取消所有聚会安排,微博，电视新闻,较悲观，短期可能会更严重,没有任何物资短缺信息,口罩，酒精,未储备
2020-01-25 23:20:37,"23","18~25",女,硕士及以上,大学生,湖北省孝感市,病毒对老年人有严重的威胁，75%浓度酒精可以杀死病毒，病毒会进化，并且致死性越来越强,已取消所有聚会安排,父母已取消所有聚会安排,电视新闻，微博，微信朋友圈，微信好友，微信群,非常悲观，会更严重，甚至进一步爆发,已有权威机构证实存在短缺,口罩，护目镜，防护服,已储备7天内的物资
2020-01-25 23:22:29,"33","26~30",男,大学本科,上班族/创业者,福建省福州市,病毒对老年人有严重的威胁，没有生病的人，不会传染病毒，75%浓度酒精可以杀死病毒,已取消所有聚会安排,父母已取消所有聚会安排,微信群，微信朋友圈,较乐观，短期会好转,没有任何物资短缺信息,口罩，体温计,已储备7～30天的物资
2020-01-25 23:14:26,"7","18~25",女,大学本科,大学生,广东省江门市,病毒对老年人有严重的威胁，75%浓度酒精可以杀死病毒，病毒会进化，并且致死性越来越强,已取消所有聚会安排,父母已取消所有聚会安排,其他，微博，微信朋友圈,中立，不做判断,没有任何物资短缺信息,口罩，护目镜，酒精，体温计,已储备7天内的物资
2020-01-25 23:55:18,"113","26~30",女,大学本科,上班族/创业者,广东省广州市,感染病毒后会立即出现咳嗽、发烧的症状，病毒对老年人有严重的威胁，75%浓度酒精可以杀死病毒，病毒致死性很强，病毒会进化，并且致死性越来越强,有大型聚会安排（11及以上）,有聚会安排，父母会参与,公众号，电视新闻，微信朋友圈,中立，不做判断,没有确凿信息，不断定,口罩，酒精，体温计,已储备7天内的物资
2020-01-26 00:10:54,"132","18~25",女,大学专科,医疗工作者,湖北省黄冈市,没有生病的人，不会传染病毒，75%浓度酒精可以杀死病毒，病毒会进化，并且致死性越来越强,已取消所有聚会安排,父母已取消所有聚会安排,微信好友，微信群，微信朋友圈，微博，抖音,较悲观，短期可能会更严重,没有确凿信息，不断定,口罩，体温计,已储备7～30天的物资
2020-01-25 23:18:30,"17","18~25",女,大学专科,上班族/创业者,湖北省襄阳市,没有生病的人，不会传染病毒，感染病毒后会立即出现咳嗽、发烧的症状，75%浓度酒精可以杀死病毒，病毒会进化，并且致死性越来越强,已取消所有聚会安排,父母已取消所有聚会安排,微博,较悲观，短期可能会更严重,已有权威机构证实存在短缺,口罩，酒精，体温计,已储备7～30天的物资
2020-01-26 00:15:34,"139","18~25",男,硕士及以上,大学生,海外其它,病毒致死性很强，病毒会进化，并且致死性越来越强,已取消所有聚会安排,不清楚,微信好友，公众号，微信群，微信朋友圈，电视新闻，微博，其他,较乐观，短期会好转,没有确凿信息，不断定,口罩，酒精,未储备
2020-01-26 00:40:13,"150","26~30",女,大学本科,上班族/创业者,广西壮族自治区北海市,病毒会进化，并且致死性越来越强，75%浓度酒精可以杀死病毒,已取消所有聚会安排,不清楚,微信好友，公众号，微博，抖音，电视新闻，微信朋友圈,中立，不做判断,没有确凿信息，不断定,口罩,未储备
2020-01-25 23:25:42,"39","18~25",男,大学本科,大学生,安徽省芜湖市,病毒对老年人有严重的威胁，75%浓度酒精可以杀死病毒,已取消所有聚会安排,父母已取消所有聚会安排,微信好友，微信群，微信朋友圈，微博，电视新闻,较悲观，短期可能会更严重,没有确凿信息，不断定,口罩，酒精，体温计，保健品,已储备7天内的物资
2020-01-26 00:12:43,"135","18~25",女,大学本科,大学生,重庆市重庆市,病毒对老年人有严重的威胁，75%浓度酒精可以杀死病毒,有中型聚会安排（5～10人）,父母已取消所有聚会安排,微博，电视新闻，微信好友，微信朋友圈,中立，不做判断,没有确凿信息，不断定,酒精，口罩,未储备
2020-01-26 00:19:38,"141","18~25",女,大学本科,上班族/创业者,四川省绵阳市,感染病毒后会立即出现咳嗽、发烧的症状，病毒对老年人有严重的威胁，病毒会进化，并且致死性越来越强，病毒致死性很强,已取消所有聚会安排,父母已取消所有聚会安排,微博，电视新闻，微信好友，公众号,较悲观，短期可能会更严重,没有确凿信息，不断定,口罩,未储备
2020-01-25 23:17:08,"13","18~25",不想透露,大学专科,大学生,湖北省武汉市,"75%浓度酒精可以杀死病毒，病毒会进化，并且致死性越来越强，病毒对老年人有严重的威胁",已取消所有聚会安排,父母已取消所有聚会安排,微信好友，微博，电视新闻,非常悲观，会更严重，甚至进一步爆发,已有权威机构证实存在短缺,口罩，酒精,未储备
2020-01-25 23:21:57,"29","26~30",女,大学本科,上班族/创业者,广东省珠海市,"75%浓度酒精可以杀死病毒",已取消所有聚会安排,父母已取消所有聚会安排,微信群，微信朋友圈，微博,较乐观，短期会好转,没有任何物资短缺信息,口罩,已储备7天内的物资
2020-01-26 01:21:13,"173","18~25",女,大学本科,大学生,江西省赣州市,病毒对老年人有严重的威胁，75%浓度酒精可以杀死病毒，病毒会进化，并且致死性越来越强,已取消所有聚会安排,有聚会安排，父母会参与,公众号，微信朋友圈，微博，电视新闻，微信好友,较悲观，短期可能会更严重,没有确凿信息，不断定,口罩,已储备7天内的物资
2020-01-25 23:37:04,"62","18~25",男,大学本科,上班族/创业者,湖南省长沙市,病毒对老年人有严重的威胁，75%浓度酒精可以杀死病毒,已取消所有聚会安排,父母已取消所有聚会安排,公众号，微信群，微信朋友圈，微博,较悲观，短期可能会更严重,没有确凿信息，不断定,口罩,已储备7天内的物资
2020-01-26 00:42:50,"155","18~25",女,硕士及以上,大学生,山东省青岛市,"75%浓度酒精可以杀死病毒，病毒会进化，并且致死性越来越强，病毒对老年人有严重的威胁",有中型聚会安排（5～10人）,有聚会安排，父母会参与,公众号，微信朋友圈，微博,较悲观，短期可能会更严重,没有确凿信息，不断定,口罩,已储备7天内的物资
2020-01-25 23:14:24,"6","26~30",男,大学本科,媒体工作者,浙江省杭州市,病毒对老年人有严重的威胁，75%浓度酒精可以杀死病毒，病毒会进化，并且致死性越来越强,已取消所有聚会安排,有聚会安排，父母会参与,微信好友，微信群，微信朋友圈，微博,较悲观，短期可能会更严重,没有确凿信息，不断定,口罩，护目镜,未储备
2020-01-25 23:37:58,"67","18~25",男,大学本科,大学生,广东省广州市,病毒对老年人有严重的威胁，病毒会进化，并且致死性越来越强,已取消所有聚会安排,父母已取消所有聚会安排,微信好友，公众号，微信群，微信朋友圈，微博,较悲观，短期可能会更严重,没有确凿信息，不断定,口罩，体温计,已储备7天内的物资
